Ticket,Date,Timezone,Transaction,Details,Instrument,Price,Units,Direction,Spread Cost,Stop Loss,Take Profit,Trailing Stop,Financing,Commission,Conversion Rate,P/L,Amount,Balance
4,04/08/2020 04:44:59 PM,AST,MARKET_ORDER,CLIENT_ORDER,NZD/CAD,,2000,Buy,,,,,,,,,,
5,04/08/2020 04:44:59 PM,AST,ORDER_FILL,MARKET_ORDER,NZD/CAD,0.84304,2000,Buy,0.4600,,,,0.00000,0.0000,,0.00000,,2000.00
6,04/08/2020 04:44:59 PM,AST,STOP_LOSS_ORDER,ON_FILL,,0.83200,,,,,,,,,,,,
7,04/08/2020 04:44:59 PM,AST,TRADE_CLIENT_EXTENSIONS_MODIFY,,,,,,,,,,,,,,,
8,04/08/2020 04:59:43 PM,AST,MARKET_ORDER,CLIENT_ORDER,NZD/CAD,,2000,Buy,,,,,,,,,,
9,04/08/2020 04:59:43 PM,AST,ORDER_FILL,MARKET_ORDER,NZD/CAD,0.84213,2000,Buy,0.6700,,,,0.00000,0.0000,,0.00000,,2000.00
10,04/08/2020 04:59:43 PM,AST,STOP_LOSS_ORDER,ON_FILL,,0.83094,,,,,,,,,,,,
11,04/08/2020 04:59:43 PM,AST,TRADE_CLIENT_EXTENSIONS_MODIFY,,,,,,,,,,,,,,,
12,04/08/2020 05:00:00 PM,AST,DAILY_FINANCING,,,,,,,,,,-0.04800,,,,,1999.95
,04/08/2020 05:00:00 PM,AST,DAILY_FINANCING,TradeID: 5,NZD/CAD,,,,,,,,-0.02400,,,,,
,04/08/2020 05:00:00 PM,AST,DAILY_FINANCING,TradeID: 9,NZD/CAD,,,,,,,,-0.02400,,,,,
13,04/08/2020 05:00:26 PM,AST,MARKET_ORDER,CLIENT_ORDER,NZD/CAD,,2000,Buy,,,,,,,,,,
14,04/08/2020 05:00:26 PM,AST,ORDER_FILL,MARKET_ORDER,NZD/CAD,0.84288,2000,Buy,2.0000,,,,0.00000,0.0000,,0.00000,,1999.95
15,04/08/2020 05:00:26 PM,AST,STOP_LOSS_ORDER,ON_FILL,,0.83166,,,,,,,,,,,,
16,04/08/2020 05:00:34 PM,AST,TRADE_CLIENT_EXTENSIONS_MODIFY,,,,,,,,,,,,,,,
17,04/08/2020 05:02:33 PM,AST,MARKET_ORDER,CLIENT_ORDER,NZD/CAD,,2000,Buy,,,,,,,,,,
18,04/08/2020 05:02:33 PM,AST,ORDER_FILL,MARKET_ORDER,NZD/CAD,0.84362,2000,Buy,2.0000,,,,0.00000,0.0000,,0.00000,,1999.95
19,04/08/2020 05:02:33 PM,AST,STOP_LOSS_ORDER,ON_FILL,,0.83290,,,,,,,,,,,,
20,04/08/2020 05:02:33 PM,AST,TRADE_CLIENT_EXTENSIONS_MODIFY,,,,,,,,,,,,,,,
21,04/08/2020 05:13:19 PM,AST,MARKET_ORDER,CLIENT_ORDER,NZD/CAD,,2000,Buy,,,,,,,,,,
22,04/08/2020 05:13:19 PM,AST,ORDER_FILL,MARKET_ORDER,NZD/CAD,0.84265,2000,Buy,2.0000,,,,0.00000,0.0000,,0.00000,,1999.95
23,04/08/2020 05:13:19 PM,AST,STOP_LOSS_ORDER,ON_FILL,,0.83186,,,,,,,,,,,,
24,04/08/2020 05:13:19 PM,AST,TRADE_CLIENT_EXTENSIONS_MODIFY,,,,,,,,,,,,,,,
25,04/08/2020 05:22:22 PM,AST,MARKET_ORDER,CLIENT_ORDER,NZD/CAD,,2000,Buy,,,,,,,,,,
26,04/08/2020 05:22:22 PM,AST,ORDER_FILL,MARKET_ORDER,NZD/CAD,0.84275,2000,Buy,0.9000,,,,0.00000,0.0000,,0.00000,,1999.95
27,04/08/2020 05:22:22 PM,AST,STOP_LOSS_ORDER,ON_FILL,,0.83195,,,,,,,,,,,,
28,04/08/2020 05:22:22 PM,AST,TRADE_CLIENT_EXTENSIONS_MODIFY,,,,,,,,,,,,,,,
29,04/08/2020 05:28:34 PM,AST,MARKET_ORDER,CLIENT_ORDER,NZD/CAD,,2000,Buy,,,,,,,,,,
30,04/08/2020 05:28:34 PM,AST,ORDER_FILL,MARKET_ORDER,NZD/CAD,0.84282,2000,Buy,0.9500,,,,0.00000,0.0000,,0.00000,,1999.95
31,04/08/2020 05:28:34 PM,AST,STOP_LOSS_ORDER,ON_FILL,,0.83202,,,,,,,,,,,,
32,04/08/2020 05:28:34 PM,AST,TRADE_CLIENT_EXTENSIONS_MODIFY,,,,,,,,,,,,,,,
33,04/08/2020 05:37:41 PM,AST,MARKET_ORDER,CLIENT_ORDER,NZD/CAD,,2000,Buy,,,,,,,,,,
34,04/08/2020 05:37:41 PM,AST,ORDER_FILL,MARKET_ORDER,NZD/CAD,0.84275,2000,Buy,0.7500,,,,0.00000,0.0000,,0.00000,,1999.95
35,04/08/2020 05:37:41 PM,AST,STOP_LOSS_ORDER,ON_FILL,,0.83195,,,,,,,,,,,,
36,04/08/2020 05:37:41 PM,AST,TRADE_CLIENT_EXTENSIONS_MODIFY,,,,,,,,,,,,,,,
37,04/08/2020 05:39:42 PM,AST,MARKET_ORDER,CLIENT_ORDER,NZD/CAD,,2000,Buy,,,,,,,,,,
38,04/08/2020 05:39:42 PM,AST,ORDER_FILL,MARKET_ORDER,NZD/CAD,0.84296,2000,Buy,0.9000,,,,0.00000,0.0000,,0.00000,,1999.95
39,04/08/2020 05:39:42 PM,AST,STOP_LOSS_ORDER,ON_FILL,,0.83216,,,,,,,,,,,,
40,04/08/2020 05:39:42 PM,AST,TRADE_CLIENT_EXTENSIONS_MODIFY,,,,,,,,,,,,,,,
41,04/08/2020 05:41:13 PM,AST,MARKET_ORDER,CLIENT_ORDER,NZD/CAD,,2000,Buy,,,,,,,,,,
42,04/08/2020 05:41:13 PM,AST,ORDER_FILL,MARKET_ORDER,NZD/CAD,0.84302,2000,Buy,0.9700,,,,0.00000,0.0000,,0.00000,,1999.95
43,04/08/2020 05:41:13 PM,AST,STOP_LOSS_ORDER,ON_FILL,,0.83222,,,,,,,,,,,,
44,04/08/2020 05:41:13 PM,AST,TRADE_CLIENT_EXTENSIONS_MODIFY,,,,,,,,,,,,,,,
45,04/08/2020 05:41:18 PM,AST,MARKET_ORDER,CLIENT_ORDER,NZD/CAD,,2000,Buy,,,,,,,,,,
46,04/08/2020 05:41:18 PM,AST,ORDER_FILL,MARKET_ORDER,NZD/CAD,0.84297,2000,Buy,0.9200,,,,0.00000,0.0000,,0.00000,,1999.95
47,04/08/2020 05:41:18 PM,AST,STOP_LOSS_ORDER,ON_FILL,,0.83217,,,,,,,,,,,,
48,04/08/2020 05:41:18 PM,AST,TRADE_CLIENT_EXTENSIONS_MODIFY,,,,,,,,,,,,,,,
49,04/08/2020 05:51:44 PM,AST,MARKET_ORDER,CLIENT_ORDER,NZD/CAD,,2000,Buy,,,,,,,,,,
50,04/08/2020 05:51:44 PM,AST,ORDER_FILL,MARKET_ORDER,NZD/CAD,0.84290,2000,Buy,1.0400,,,,0.00000,0.0000,,0.00000,,1999.95
51,04/08/2020 05:51:44 PM,AST,STOP_LOSS_ORDER,ON_FILL,,0.83208,,,,,,,,,,,,
52,04/08/2020 05:51:44 PM,AST,TRADE_CLIENT_EXTENSIONS_MODIFY,,,,,,,,,,,,,,,
53,04/08/2020 06:06:09 PM,AST,MARKET_ORDER,CLIENT_ORDER,NZD/CAD,,2000,Buy,,,,,,,,,,
54,04/08/2020 06:06:09 PM,AST,ORDER_FILL,MARKET_ORDER,NZD/CAD,0.84260,2000,Buy,0.6400,,,,0.00000,0.0000,,0.00000,,1999.95
55,04/08/2020 06:06:09 PM,AST,STOP_LOSS_ORDER,ON_FILL,,0.83178,,,,,,,,,,,,
56,04/08/2020 06:06:09 PM,AST,TRADE_CLIENT_EXTENSIONS_MODIFY,,,,,,,,,,,,,,,
57,04/08/2020 06:10:31 PM,AST,MARKET_ORDER,CLIENT_ORDER,NZD/CAD,,2000,Buy,,,,,,,,,,
58,04/08/2020 06:10:31 PM,AST,ORDER_FILL,MARKET_ORDER,NZD/CAD,0.84250,2000,Buy,0.6300,,,,0.00000,0.0000,,0.00000,,1999.95
59,04/08/2020 06:10:31 PM,AST,STOP_LOSS_ORDER,ON_FILL,,0.83168,,,,,,,,,,,,
60,04/08/2020 06:10:31 PM,AST,TRADE_CLIENT_EXTENSIONS_MODIFY,,,,,,,,,,,,,,,
61,04/08/2020 06:22:59 PM,AST,MARKET_ORDER,CLIENT_ORDER,NZD/CAD,,2000,Buy,,,,,,,,,,
62,04/08/2020 06:22:59 PM,AST,ORDER_FILL,MARKET_ORDER,NZD/CAD,0.84272,2000,Buy,0.5800,,,,0.00000,0.0000,,0.00000,,1999.95
63,04/08/2020 06:22:59 PM,AST,STOP_LOSS_ORDER,ON_FILL,,0.83190,,,,,,,,,,,,
64,04/08/2020 06:22:59 PM,AST,TRADE_CLIENT_EXTENSIONS_MODIFY,,,,,,,,,,,,,,,
65,04/08/2020 06:36:41 PM,AST,MARKET_ORDER,CLIENT_ORDER,NZD/CAD,,2000,Buy,,,,,,,,,,
66,04/08/2020 06:36:41 PM,AST,ORDER_FILL,MARKET_ORDER,NZD/CAD,0.84323,2000,Buy,0.5200,,,,0.00000,0.0000,,0.00000,,1999.95
67,04/08/2020 06:36:41 PM,AST,STOP_LOSS_ORDER,ON_FILL,,0.83241,,,,,,,,,,,,
68,04/08/2020 06:36:41 PM,AST,TRADE_CLIENT_EXTENSIONS_MODIFY,,,,,,,,,,,,,,,
69,04/08/2020 06:38:59 PM,AST,MARKET_ORDER,CLIENT_ORDER,NZD/CAD,,2000,Buy,,,,,,,,,,
70,04/08/2020 06:38:59 PM,AST,ORDER_FILL,MARKET_ORDER,NZD/CAD,0.84345,2000,Buy,0.6200,,,,0.00000,0.0000,,0.00000,,1999.95
71,04/08/2020 06:38:59 PM,AST,STOP_LOSS_ORDER,ON_FILL,,0.83261,,,,,,,,,,,,
72,04/08/2020 06:38:59 PM,AST,TRADE_CLIENT_EXTENSIONS_MODIFY,,,,,,,,,,,,,,,
73,04/08/2020 06:53:01 PM,AST,MARKET_ORDER,CLIENT_ORDER,NZD/CAD,,2000,Buy,,,,,,,,,,
74,04/08/2020 06:53:01 PM,AST,ORDER_FILL,MARKET_ORDER,NZD/CAD,0.84341,2000,Buy,0.5800,,,,0.00000,0.0000,,0.00000,,1999.95
75,04/08/2020 06:53:01 PM,AST,STOP_LOSS_ORDER,ON_FILL,,0.83256,,,,,,,,,,,,
76,04/08/2020 06:53:01 PM,AST,TRADE_CLIENT_EXTENSIONS_MODIFY,,,,,,,,,,,,,,,
77,04/08/2020 07:04:35 PM,AST,MARKET_ORDER,CLIENT_ORDER,NZD/CAD,,2000,Buy,,,,,,,,,,
78,04/08/2020 07:04:35 PM,AST,ORDER_FILL,MARKET_ORDER,NZD/CAD,0.84302,2000,Buy,0.5000,,,,0.00000,0.0000,,0.00000,,1999.95
79,04/08/2020 07:04:35 PM,AST,STOP_LOSS_ORDER,ON_FILL,,0.83214,,,,,,,,,,,,
80,04/08/2020 07:04:35 PM,AST,TRADE_CLIENT_EXTENSIONS_MODIFY,,,,,,,,,,,,,,,
81,04/08/2020 07:12:32 PM,AST,MARKET_ORDER,CLIENT_ORDER,NZD/CAD,,2000,Buy,,,,,,,,,,
82,04/08/2020 07:12:32 PM,AST,ORDER_FILL,MARKET_ORDER,NZD/CAD,0.84289,2000,Buy,0.5000,,,,0.00000,0.0000,,0.00000,,1999.95
83,04/08/2020 07:12:32 PM,AST,STOP_LOSS_ORDER,ON_FILL,,0.83201,,,,,,,,,,,,
84,04/08/2020 07:12:32 PM,AST,TRADE_CLIENT_EXTENSIONS_MODIFY,,,,,,,,,,,,,,,
85,04/08/2020 07:23:25 PM,AST,MARKET_ORDER,CLIENT_ORDER,NZD/CAD,,2000,Buy,,,,,,,,,,
86,04/08/2020 07:23:25 PM,AST,ORDER_FILL,MARKET_ORDER,NZD/CAD,0.84322,2000,Buy,0.4600,,,,0.00000,0.0000,,0.00000,,1999.95
87,04/08/2020 07:23:25 PM,AST,STOP_LOSS_ORDER,ON_FILL,,0.83234,,,,,,,,,,,,
88,04/08/2020 07:23:25 PM,AST,TRADE_CLIENT_EXTENSIONS_MODIFY,,,,,,,,,,,,,,,
89,04/08/2020 07:26:42 PM,AST,MARKET_ORDER,CLIENT_ORDER,NZD/CAD,,2000,Buy,,,,,,,,,,
90,04/08/2020 07:26:42 PM,AST,ORDER_FILL,MARKET_ORDER,NZD/CAD,0.84305,2000,Buy,0.5000,,,,0.00000,0.0000,,0.00000,,1999.95
91,04/08/2020 07:26:42 PM,AST,STOP_LOSS_ORDER,ON_FILL,,0.83217,,,,,,,,,,,,
92,04/08/2020 07:26:42 PM,AST,TRADE_CLIENT_EXTENSIONS_MODIFY,,,,,,,,,,,,,,,
93,04/08/2020 07:28:02 PM,AST,MARKET_ORDER,CLIENT_ORDER,NZD/CAD,,2000,Buy,,,,,,,,,,
94,04/08/2020 07:28:02 PM,AST,ORDER_FILL,MARKET_ORDER,NZD/CAD,0.84304,2000,Buy,0.4900,,,,0.00000,0.0000,,0.00000,,1999.95
95,04/08/2020 07:28:02 PM,AST,STOP_LOSS_ORDER,ON_FILL,,0.83216,,,,,,,,,,,,
96,04/08/2020 07:28:02 PM,AST,TRADE_CLIENT_EXTENSIONS_MODIFY,,,,,,,,,,,,,,,
97,04/08/2020 07:39:19 PM,AST,MARKET_ORDER,CLIENT_ORDER,NZD/CAD,,2000,Buy,,,,,,,,,,
98,04/08/2020 07:39:19 PM,AST,ORDER_FILL,MARKET_ORDER,NZD/CAD,0.84304,2000,Buy,0.5000,,,,0.00000,0.0000,,0.00000,,1999.95
99,04/08/2020 07:39:19 PM,AST,STOP_LOSS_ORDER,ON_FILL,,0.83216,,,,,,,,,,,,
100,04/08/2020 07:39:19 PM,AST,TRADE_CLIENT_EXTENSIONS_MODIFY,,,,,,,,,,,,,,,
101,04/08/2020 07:48:05 PM,AST,MARKET_ORDER,CLIENT_ORDER,NZD/CAD,,2000,Buy,,,,,,,,,,
102,04/08/2020 07:48:05 PM,AST,ORDER_FILL,MARKET_ORDER,NZD/CAD,0.84296,2000,Buy,0.4300,,,,0.00000,0.0000,,0.00000,,1999.95
103,04/08/2020 07:48:05 PM,AST,STOP_LOSS_ORDER,ON_FILL,,0.83208,,,,,,,,,,,,
104,04/08/2020 07:48:05 PM,AST,TRADE_CLIENT_EXTENSIONS_MODIFY,,,,,,,,,,,,,,,
105,04/08/2020 07:56:03 PM,AST,MARKET_ORDER,CLIENT_ORDER,NZD/CAD,,2000,Buy,,,,,,,,,,
106,04/08/2020 07:56:03 PM,AST,ORDER_FILL,MARKET_ORDER,NZD/CAD,0.84269,2000,Buy,0.4500,,,,0.00000,0.0000,,0.00000,,1999.95
107,04/08/2020 07:56:03 PM,AST,STOP_LOSS_ORDER,ON_FILL,,0.83181,,,,,,,,,,,,
108,04/08/2020 07:56:03 PM,AST,TRADE_CLIENT_EXTENSIONS_MODIFY,,,,,,,,,,,,,,,
109,04/08/2020 08:06:01 PM,AST,MARKET_ORDER,CLIENT_ORDER,NZD/CAD,,2000,Buy,,,,,,,,,,
110,04/08/2020 08:06:01 PM,AST,ORDER_FILL,MARKET_ORDER,NZD/CAD,0.84304,2000,Buy,0.4400,,,,0.00000,0.0000,,0.00000,,1999.95
111,04/08/2020 08:06:01 PM,AST,STOP_LOSS_ORDER,ON_FILL,,0.83263,,,,,,,,,,,,
112,04/08/2020 08:06:01 PM,AST,TRADE_CLIENT_EXTENSIONS_MODIFY,,,,,,,,,,,,,,,
113,04/08/2020 08:18:00 PM,AST,MARKET_ORDER,CLIENT_ORDER,NZD/CAD,,2000,Buy,,,,,,,,,,
114,04/08/2020 08:18:00 PM,AST,ORDER_FILL,MARKET_ORDER,NZD/CAD,0.84350,2000,Buy,0.3800,,,,0.00000,0.0000,,0.00000,,1999.95
115,04/08/2020 08:18:00 PM,AST,STOP_LOSS_ORDER,ON_FILL,,0.83299,,,,,,,,,,,,
116,04/08/2020 08:18:00 PM,AST,TRADE_CLIENT_EXTENSIONS_MODIFY,,,,,,,,,,,,,,,
117,04/09/2020 07:25:24 AM,AST,MARKET_ORDER,TRADE_CLOSE,NZD/CAD,,2000,Sell,,,,,,,,,,
118,04/09/2020 07:25:24 AM,AST,ORDER_FILL,MARKET_ORDER_TRADE_CLOSE,NZD/CAD,0.84317,2000,Sell,0.4100,,,,0.00000,0.0000,1,2.08000,,2002.03
119,04/09/2020 07:25:24 AM,AST,ORDER_CANCEL,LINKED_TRADE_CLOSED,,,,,,,,,,,,,,
120,04/09/2020 07:44:33 AM,AST,MARKET_ORDER,TRADE_CLOSE,NZD/CAD,,2000,Sell,,,,,,,,,,
121,04/09/2020 07:44:33 AM,AST,ORDER_FILL,MARKET_ORDER_TRADE_CLOSE,NZD/CAD,0.84352,2000,Sell,0.4600,,,,0.00000,0.0000,1,2.04000,,2004.07
122,04/09/2020 07:44:33 AM,AST,ORDER_CANCEL,LINKED_TRADE_CLOSED,,,,,,,,,,,,,,
123,04/09/2020 08:34:23 AM,AST,MARKET_ORDER,TRADE_CLOSE,NZD/CAD,,2000,Sell,,,,,,,,,,
124,04/09/2020 08:34:23 AM,AST,ORDER_FILL,MARKET_ORDER_TRADE_CLOSE,NZD/CAD,0.84365,2000,Sell,0.5000,,,,0.00000,0.0000,1,2.10000,,2006.17
125,04/09/2020 08:34:23 AM,AST,ORDER_CANCEL,LINKED_TRADE_CLOSED,,,,,,,,,,,,,,
126,04/09/2020 08:34:24 AM,AST,MARKET_ORDER,TRADE_CLOSE,NZD/CAD,,2000,Sell,,,,,,,,,,
127,04/09/2020 08:34:24 AM,AST,ORDER_FILL,MARKET_ORDER_TRADE_CLOSE,NZD/CAD,0.84366,2000,Sell,0.4700,,,,0.00000,0.0000,1,2.02000,,2008.19
128,04/09/2020 08:34:24 AM,AST,ORDER_CANCEL,LINKED_TRADE_CLOSED,,,,,,,,,,,,,,
129,04/09/2020 08:36:23 AM,AST,MARKET_ORDER,TRADE_CLOSE,NZD/CAD,,2000,Sell,,,,,,,,,,
130,04/09/2020 08:36:23 AM,AST,ORDER_FILL,MARKET_ORDER_TRADE_CLOSE,NZD/CAD,0.84370,2000,Sell,0.4000,,,,0.00000,0.0000,1,2.02000,,2010.21
131,04/09/2020 08:36:23 AM,AST,ORDER_CANCEL,LINKED_TRADE_CLOSED,,,,,,,,,,,,,,
132,04/09/2020 08:42:13 AM,AST,MARKET_ORDER,TRADE_CLOSE,NZD/CAD,,2000,Sell,,,,,,,,,,
133,04/09/2020 08:42:13 AM,AST,ORDER_FILL,MARKET_ORDER_TRADE_CLOSE,NZD/CAD,0.84378,2000,Sell,0.4300,,,,0.00000,0.0000,1,2.12000,,2012.33
134,04/09/2020 08:42:13 AM,AST,ORDER_CANCEL,LINKED_TRADE_CLOSED,,,,,,,,,,,,,,
135,04/09/2020 08:42:13 AM,AST,MARKET_ORDER,TRADE_CLOSE,NZD/CAD,,2000,Sell,,,,,,,,,,
136,04/09/2020 08:42:13 AM,AST,ORDER_FILL,MARKET_ORDER_TRADE_CLOSE,NZD/CAD,0.84380,2000,Sell,0.4300,,,,0.00000,0.0000,1,2.10000,,2014.43
137,04/09/2020 08:42:13 AM,AST,ORDER_CANCEL,LINKED_TRADE_CLOSED,,,,,,,,,,,,,,
138,04/09/2020 08:42:14 AM,AST,MARKET_ORDER,TRADE_CLOSE,NZD/CAD,,2000,Sell,,,,,,,,,,
139,04/09/2020 08:42:14 AM,AST,ORDER_FILL,MARKET_ORDER_TRADE_CLOSE,NZD/CAD,0.84380,2000,Sell,0.4300,,,,0.00000,0.0000,1,2.10000,,2016.53
140,04/09/2020 08:42:14 AM,AST,ORDER_CANCEL,LINKED_TRADE_CLOSED,,,,,,,,,,,,,,
141,04/09/2020 08:46:53 AM,AST,MARKET_ORDER,TRADE_CLOSE,NZD/CAD,,2000,Sell,,,,,,,,,,
142,04/09/2020 08:46:53 AM,AST,ORDER_FILL,MARKET_ORDER_TRADE_CLOSE,NZD/CAD,0.84384,2000,Sell,0.4300,,,,0.00000,0.0000,1,2.04000,,2018.57
143,04/09/2020 08:46:53 AM,AST,ORDER_CANCEL,LINKED_TRADE_CLOSED,,,,,,,,,,,,,,
144,04/09/2020 08:47:13 AM,AST,MARKET_ORDER,TRADE_CLOSE,NZD/CAD,,2000,Sell,,,,,,,,,,
145,04/09/2020 08:47:13 AM,AST,ORDER_FILL,MARKET_ORDER_TRADE_CLOSE,NZD/CAD,0.84400,2000,Sell,0.4000,,,,0.00000,0.0000,1,2.08000,,2020.65
146,04/09/2020 08:47:13 AM,AST,ORDER_CANCEL,LINKED_TRADE_CLOSED,,,,,,,,,,,,,,
147,04/09/2020 08:47:13 AM,AST,MARKET_ORDER,TRADE_CLOSE,NZD/CAD,,2000,Sell,,,,,,,,,,
148,04/09/2020 08:47:13 AM,AST,ORDER_FILL,MARKET_ORDER_TRADE_CLOSE,NZD/CAD,0.84400,2000,Sell,0.4000,,,,0.00000,0.0000,1,2.22000,,2022.87
149,04/09/2020 08:47:13 AM,AST,ORDER_CANCEL,LINKED_TRADE_CLOSED,,,,,,,,,,,,,,
150,04/09/2020 08:47:13 AM,AST,MARKET_ORDER,TRADE_CLOSE,NZD/CAD,,2000,Sell,,,,,,,,,,
151,04/09/2020 08:47:13 AM,AST,ORDER_FILL,MARKET_ORDER_TRADE_CLOSE,NZD/CAD,0.84399,2000,Sell,0.3800,,,,0.00000,0.0000,1,2.18000,,2025.05
152,04/09/2020 08:47:13 AM,AST,ORDER_CANCEL,LINKED_TRADE_CLOSED,,,,,,,,,,,,,,
153,04/09/2020 08:47:13 AM,AST,MARKET_ORDER,TRADE_CLOSE,NZD/CAD,,2000,Sell,,,,,,,,,,
154,04/09/2020 08:47:13 AM,AST,ORDER_FILL,MARKET_ORDER_TRADE_CLOSE,NZD/CAD,0.84394,2000,Sell,0.4500,,,,0.00000,0.0000,1,2.12000,,2027.17
155,04/09/2020 08:47:13 AM,AST,ORDER_CANCEL,LINKED_TRADE_CLOSED,,,,,,,,,,,,,,
156,04/09/2020 08:47:43 AM,AST,MARKET_ORDER,TRADE_CLOSE,NZD/CAD,,2000,Sell,,,,,,,,,,
157,04/09/2020 08:47:43 AM,AST,ORDER_FILL,MARKET_ORDER_TRADE_CLOSE,NZD/CAD,0.84397,2000,Sell,0.4300,,,,0.00000,0.0000,1,2.02000,,2029.19
158,04/09/2020 08:47:43 AM,AST,ORDER_CANCEL,LINKED_TRADE_CLOSED,,,,,,,,,,,,,,
159,04/09/2020 08:47:53 AM,AST,MARKET_ORDER,TRADE_CLOSE,NZD/CAD,,2000,Sell,,,,,,,,,,
160,04/09/2020 08:47:53 AM,AST,ORDER_FILL,MARKET_ORDER_TRADE_CLOSE,NZD/CAD,0.84406,2000,Sell,0.4600,,,,0.00000,0.0000,1,2.04000,,2031.23
161,04/09/2020 08:47:53 AM,AST,ORDER_CANCEL,LINKED_TRADE_CLOSED,,,,,,,,,,,,,,
162,04/09/2020 08:47:53 AM,AST,MARKET_ORDER,TRADE_CLOSE,NZD/CAD,,2000,Sell,,,,,,,,,,
163,04/09/2020 08:47:53 AM,AST,ORDER_FILL,MARKET_ORDER_TRADE_CLOSE,NZD/CAD,0.84406,2000,Sell,0.4600,,,,0.00000,0.0000,1,2.04000,,2033.27
164,04/09/2020 08:47:53 AM,AST,ORDER_CANCEL,LINKED_TRADE_CLOSED,,,,,,,,,,,,,,
165,04/09/2020 08:47:53 AM,AST,MARKET_ORDER,TRADE_CLOSE,NZD/CAD,,2000,Sell,,,,,,,,,,
166,04/09/2020 08:47:53 AM,AST,ORDER_FILL,MARKET_ORDER_TRADE_CLOSE,NZD/CAD,0.84406,2000,Sell,0.4600,,,,0.00000,0.0000,1,2.04000,,2035.31
167,04/09/2020 08:47:53 AM,AST,ORDER_CANCEL,LINKED_TRADE_CLOSED,,,,,,,,,,,,,,
168,04/09/2020 08:47:53 AM,AST,MARKET_ORDER,TRADE_CLOSE,NZD/CAD,,2000,Sell,,,,,,,,,,
169,04/09/2020 08:47:53 AM,AST,ORDER_FILL,MARKET_ORDER_TRADE_CLOSE,NZD/CAD,0.84406,2000,Sell,0.4600,,,,0.00000,0.0000,1,2.02000,,2037.33
170,04/09/2020 08:47:53 AM,AST,ORDER_CANCEL,LINKED_TRADE_CLOSED,,,,,,,,,,,,,,
171,04/09/2020 08:47:53 AM,AST,MARKET_ORDER,TRADE_CLOSE,NZD/CAD,,2000,Sell,,,,,,,,,,
172,04/09/2020 08:47:53 AM,AST,ORDER_FILL,MARKET_ORDER_TRADE_CLOSE,NZD/CAD,0.84402,2000,Sell,0.4400,,,,0.00000,0.0000,1,2.10000,,2039.43
173,04/09/2020 08:47:53 AM,AST,ORDER_CANCEL,LINKED_TRADE_CLOSED,,,,,,,,,,,,,,
174,04/09/2020 08:48:23 AM,AST,MARKET_ORDER,TRADE_CLOSE,NZD/CAD,,2000,Sell,,,,,,,,,,
175,04/09/2020 08:48:23 AM,AST,ORDER_FILL,MARKET_ORDER_TRADE_CLOSE,NZD/CAD,0.84409,2000,Sell,0.4300,,,,0.00000,0.0000,1,2.14000,,2041.57
176,04/09/2020 08:48:23 AM,AST,ORDER_CANCEL,LINKED_TRADE_CLOSED,,,,,,,,,,,,,,
177,04/09/2020 08:48:23 AM,AST,MARKET_ORDER,TRADE_CLOSE,NZD/CAD,,2000,Sell,,,,,,,,,,
178,04/09/2020 08:48:23 AM,AST,ORDER_FILL,MARKET_ORDER_TRADE_CLOSE,NZD/CAD,0.84409,2000,Sell,0.4300,,,,0.00000,0.0000,1,2.14000,,2043.71
179,04/09/2020 08:48:23 AM,AST,ORDER_CANCEL,LINKED_TRADE_CLOSED,,,,,,,,,,,,,,
180,04/09/2020 08:48:23 AM,AST,MARKET_ORDER,TRADE_CLOSE,NZD/CAD,,2000,Sell,,,,,,,,,,
181,04/09/2020 08:48:23 AM,AST,ORDER_FILL,MARKET_ORDER_TRADE_CLOSE,NZD/CAD,0.84409,2000,Sell,0.4300,,,,0.00000,0.0000,1,2.10000,,2045.81
182,04/09/2020 08:48:23 AM,AST,ORDER_CANCEL,LINKED_TRADE_CLOSED,,,,,,,,,,,,,,
183,04/09/2020 08:48:43 AM,AST,MARKET_ORDER,TRADE_CLOSE,NZD/CAD,,2000,Sell,,,,,,,,,,
184,04/09/2020 08:48:43 AM,AST,ORDER_FILL,MARKET_ORDER_TRADE_CLOSE,NZD/CAD,0.84426,2000,Sell,0.3800,,,,0.00000,0.0000,1,2.08000,,2047.89
185,04/09/2020 08:48:43 AM,AST,ORDER_CANCEL,LINKED_TRADE_CLOSED,,,,,,,,,,,,,,
186,04/09/2020 08:48:43 AM,AST,MARKET_ORDER,TRADE_CLOSE,NZD/CAD,,2000,Sell,,,,,,,,,,
187,04/09/2020 08:48:43 AM,AST,ORDER_FILL,MARKET_ORDER_TRADE_CLOSE,NZD/CAD,0.84426,2000,Sell,0.3900,,,,0.00000,0.0000,1,2.06000,,2049.95
188,04/09/2020 08:48:43 AM,AST,ORDER_CANCEL,LINKED_TRADE_CLOSED,,,,,,,,,,,,,,
189,04/09/2020 08:49:13 AM,AST,MARKET_ORDER,TRADE_CLOSE,NZD/CAD,,2000,Sell,,,,,,,,,,
190,04/09/2020 08:49:13 AM,AST,ORDER_FILL,MARKET_ORDER_TRADE_CLOSE,NZD/CAD,0.84451,2000,Sell,0.3900,,,,0.00000,0.0000,1,2.02000,,2051.97
191,04/09/2020 08:49:13 AM,AST,ORDER_CANCEL,LINKED_TRADE_CLOSED,,,,,,,,,,,,,,
192,04/09/2020 08:49:13 AM,AST,MARKET_ORDER,TRADE_CLOSE,NZD/CAD,,2000,Sell,,,,,,,,,,
193,04/09/2020 08:49:13 AM,AST,ORDER_FILL,MARKET_ORDER_TRADE_CLOSE,NZD/CAD,0.84451,2000,Sell,0.3900,,,,0.00000,0.0000,1,2.20000,,2054.17
194,04/09/2020 08:49:13 AM,AST,ORDER_CANCEL,LINKED_TRADE_CLOSED,,,,,,,,,,,,,,
195,04/09/2020 08:49:13 AM,AST,MARKET_ORDER,TRADE_CLOSE,NZD/CAD,,2000,Sell,,,,,,,,,,
196,04/09/2020 08:49:13 AM,AST,ORDER_FILL,MARKET_ORDER_TRADE_CLOSE,NZD/CAD,0.84451,2000,Sell,0.3900,,,,0.00000,0.0000,1,2.12000,,2056.29
197,04/09/2020 08:49:13 AM,AST,ORDER_CANCEL,LINKED_TRADE_CLOSED,,,,,,,,,,,,,,
198,04/09/2020 08:49:23 AM,AST,MARKET_ORDER,TRADE_CLOSE,NZD/CAD,,2000,Sell,,,,,,,,,,
199,04/09/2020 08:49:23 AM,AST,ORDER_FILL,MARKET_ORDER_TRADE_CLOSE,NZD/CAD,0.84466,2000,Sell,0.4400,,,,0.00000,0.0000,1,2.08000,,2058.37
200,04/09/2020 08:49:23 AM,AST,ORDER_CANCEL,LINKED_TRADE_CLOSED,,,,,,,,,,,,,,
201,04/09/2020 09:28:23 AM,AST,MARKET_ORDER,CLIENT_ORDER,NZD/CAD,,2000,Buy,,,,,,,,,,
202,04/09/2020 09:28:23 AM,AST,ORDER_FILL,MARKET_ORDER,NZD/CAD,0.84608,2000,Buy,0.3600,,,,0.00000,0.0000,,0.00000,,2058.37
203,04/09/2020 09:28:23 AM,AST,STOP_LOSS_ORDER,ON_FILL,,0.83515,,,,,,,,,,,,
204,04/09/2020 09:28:23 AM,AST,TRADE_CLIENT_EXTENSIONS_MODIFY,,,,,,,,,,,,,,,
205,04/09/2020 09:43:04 AM,AST,MARKET_ORDER,CLIENT_ORDER,NZD/CAD,,2000,Buy,,,,,,,,,,
206,04/09/2020 09:43:04 AM,AST,ORDER_FILL,MARKET_ORDER,NZD/CAD,0.84702,2000,Buy,0.3700,,,,0.00000,0.0000,,0.00000,,2058.37
207,04/09/2020 09:43:04 AM,AST,STOP_LOSS_ORDER,ON_FILL,,0.83607,,,,,,,,,,,,
208,04/09/2020 09:43:04 AM,AST,TRADE_CLIENT_EXTENSIONS_MODIFY,,,,,,,,,,,,,,,
209,04/09/2020 09:46:32 AM,AST,MARKET_ORDER,TRADE_CLOSE,NZD/CAD,,2000,Sell,,,,,,,,,,
210,04/09/2020 09:46:32 AM,AST,ORDER_FILL,MARKET_ORDER_TRADE_CLOSE,NZD/CAD,0.84722,2000,Sell,0.4500,,,,0.00000,0.0000,1,2.28000,,2060.65
211,04/09/2020 09:46:32 AM,AST,ORDER_CANCEL,LINKED_TRADE_CLOSED,,,,,,,,,,,,,,
212,04/09/2020 09:46:51 AM,AST,MARKET_ORDER,CLIENT_ORDER,NZD/CAD,,2000,Buy,,,,,,,,,,
213,04/09/2020 09:46:51 AM,AST,ORDER_FILL,MARKET_ORDER,NZD/CAD,0.84736,2000,Buy,0.4500,,,,0.00000,0.0000,,0.00000,,2060.65
214,04/09/2020 09:46:51 AM,AST,STOP_LOSS_ORDER,ON_FILL,,0.83636,,,,,,,,,,,,
215,04/09/2020 09:46:51 AM,AST,TRADE_CLIENT_EXTENSIONS_MODIFY,,,,,,,,,,,,,,,
216,04/09/2020 09:48:31 AM,AST,MARKET_ORDER,CLIENT_ORDER,NZD/CAD,,2000,Buy,,,,,,,,,,
217,04/09/2020 09:48:31 AM,AST,ORDER_FILL,MARKET_ORDER,NZD/CAD,0.84690,2000,Buy,0.4200,,,,0.00000,0.0000,,0.00000,,2060.65
218,04/09/2020 09:48:31 AM,AST,STOP_LOSS_ORDER,ON_FILL,,0.83590,,,,,,,,,,,,
219,04/09/2020 09:48:31 AM,AST,TRADE_CLIENT_EXTENSIONS_MODIFY,,,,,,,,,,,,,,,
220,04/09/2020 09:54:59 AM,AST,MARKET_ORDER,CLIENT_ORDER,NZD/CAD,,2000,Buy,,,,,,,,,,
221,04/09/2020 09:54:59 AM,AST,ORDER_FILL,MARKET_ORDER,NZD/CAD,0.84826,2000,Buy,0.3000,,,,0.00000,0.0000,,0.00000,,2060.65
222,04/09/2020 09:54:59 AM,AST,STOP_LOSS_ORDER,ON_FILL,,0.83717,,,,,,,,,,,,
223,04/09/2020 09:54:59 AM,AST,TRADE_CLIENT_EXTENSIONS_MODIFY,,,,,,,,,,,,,,,
224,04/09/2020 09:55:02 AM,AST,MARKET_ORDER,TRADE_CLOSE,NZD/CAD,,2000,Sell,,,,,,,,,,
225,04/09/2020 09:55:02 AM,AST,ORDER_FILL,MARKET_ORDER_TRADE_CLOSE,NZD/CAD,0.84802,2000,Sell,0.3000,,,,0.00000,0.0000,1,2.24000,,2062.89
226,04/09/2020 09:55:02 AM,AST,ORDER_CANCEL,LINKED_TRADE_CLOSED,,,,,,,,,,,,,,
227,04/09/2020 10:03:26 AM,AST,MARKET_ORDER,CLIENT_ORDER,NZD/CAD,,2000,Buy,,,,,,,,,,
228,04/09/2020 10:03:26 AM,AST,ORDER_FILL,MARKET_ORDER,NZD/CAD,0.84798,2000,Buy,0.4500,,,,0.00000,0.0000,,0.00000,,2062.89
229,04/09/2020 10:03:26 AM,AST,STOP_LOSS_ORDER,ON_FILL,,0.83687,,,,,,,,,,,,
230,04/09/2020 10:03:26 AM,AST,TRADE_CLIENT_EXTENSIONS_MODIFY,,,,,,,,,,,,,,,
231,04/09/2020 10:04:03 AM,AST,MARKET_ORDER,TRADE_CLOSE,NZD/CAD,,2000,Sell,,,,,,,,,,
232,04/09/2020 10:04:03 AM,AST,ORDER_FILL,MARKET_ORDER_TRADE_CLOSE,NZD/CAD,0.84811,2000,Sell,0.4400,,,,0.00000,0.0000,1,2.18000,,2065.07
233,04/09/2020 10:04:03 AM,AST,ORDER_CANCEL,LINKED_TRADE_CLOSED,,,,,,,,,,,,,,
234,04/09/2020 10:05:02 AM,AST,MARKET_ORDER,TRADE_CLOSE,NZD/CAD,,2000,Sell,,,,,,,,,,
235,04/09/2020 10:05:02 AM,AST,ORDER_FILL,MARKET_ORDER_TRADE_CLOSE,NZD/CAD,0.84841,2000,Sell,0.3700,,,,0.00000,0.0000,1,2.10000,,2067.17
236,04/09/2020 10:05:02 AM,AST,ORDER_CANCEL,LINKED_TRADE_CLOSED,,,,,,,,,,,,,,
237,04/09/2020 10:05:12 AM,AST,MARKET_ORDER,TRADE_CLOSE,NZD/CAD,,2000,Sell,,,,,,,,,,
238,04/09/2020 10:05:12 AM,AST,ORDER_FILL,MARKET_ORDER_TRADE_CLOSE,NZD/CAD,0.84900,2000,Sell,0.4300,,,,0.00000,0.0000,1,2.04000,,2069.21
239,04/09/2020 10:05:12 AM,AST,ORDER_CANCEL,LINKED_TRADE_CLOSED,,,,,,,,,,,,,,
240,04/09/2020 10:15:03 AM,AST,MARKET_ORDER,CLIENT_ORDER,NZD/CAD,,2000,Buy,,,,,,,,,,
241,04/09/2020 10:15:03 AM,AST,ORDER_FILL,MARKET_ORDER,NZD/CAD,0.84847,2000,Buy,0.4000,,,,0.00000,0.0000,,0.00000,,2069.21
242,04/09/2020 10:15:03 AM,AST,STOP_LOSS_ORDER,ON_FILL,,0.83716,,,,,,,,,,,,
243,04/09/2020 10:15:03 AM,AST,TRADE_CLIENT_EXTENSIONS_MODIFY,,,,,,,,,,,,,,,
244,04/09/2020 10:19:23 AM,AST,MARKET_ORDER,CLIENT_ORDER,NZD/CAD,,2000,Buy,,,,,,,,,,
245,04/09/2020 10:19:23 AM,AST,ORDER_FILL,MARKET_ORDER,NZD/CAD,0.84797,2000,Buy,0.3500,,,,0.00000,0.0000,,0.00000,,2069.21
246,04/09/2020 10:19:23 AM,AST,STOP_LOSS_ORDER,ON_FILL,,0.83666,,,,,,,,,,,,
247,04/09/2020 10:19:23 AM,AST,TRADE_CLIENT_EXTENSIONS_MODIFY,,,,,,,,,,,,,,,
248,04/09/2020 10:34:09 AM,AST,MARKET_ORDER,CLIENT_ORDER,NZD/CAD,,2000,Buy,,,,,,,,,,
249,04/09/2020 10:34:09 AM,AST,ORDER_FILL,MARKET_ORDER,NZD/CAD,0.84560,2000,Buy,0.4100,,,,0.00000,0.0000,,0.00000,,2069.21
250,04/09/2020 10:34:09 AM,AST,STOP_LOSS_ORDER,ON_FILL,,0.83429,,,,,,,,,,,,
251,04/09/2020 10:34:09 AM,AST,TRADE_CLIENT_EXTENSIONS_MODIFY,,,,,,,,,,,,,,,
252,04/09/2020 10:47:16 AM,AST,MARKET_ORDER,CLIENT_ORDER,NZD/CAD,,2000,Buy,,,,,,,,,,
253,04/09/2020 10:47:16 AM,AST,ORDER_FILL,MARKET_ORDER,NZD/CAD,0.84566,2000,Buy,0.4700,,,,0.00000,0.0000,,0.00000,,2069.21
254,04/09/2020 10:47:16 AM,AST,STOP_LOSS_ORDER,ON_FILL,,0.83435,,,,,,,,,,,,
255,04/09/2020 10:47:16 AM,AST,TRADE_CLIENT_EXTENSIONS_MODIFY,,,,,,,,,,,,,,,
256,04/09/2020 10:53:48 AM,AST,MARKET_ORDER,CLIENT_ORDER,NZD/CAD,,2000,Buy,,,,,,,,,,
257,04/09/2020 10:53:48 AM,AST,ORDER_FILL,MARKET_ORDER,NZD/CAD,0.84596,2000,Buy,0.3800,,,,0.00000,0.0000,,0.00000,,2069.21
258,04/09/2020 10:53:48 AM,AST,STOP_LOSS_ORDER,ON_FILL,,0.83465,,,,,,,,,,,,
259,04/09/2020 10:53:48 AM,AST,TRADE_CLIENT_EXTENSIONS_MODIFY,,,,,,,,,,,,,,,
260,04/09/2020 10:57:53 AM,AST,MARKET_ORDER,CLIENT_ORDER,NZD/CAD,,2000,Buy,,,,,,,,,,
261,04/09/2020 10:57:53 AM,AST,ORDER_FILL,MARKET_ORDER,NZD/CAD,0.84605,2000,Buy,0.4400,,,,0.00000,0.0000,,0.00000,,2069.21
262,04/09/2020 10:57:53 AM,AST,STOP_LOSS_ORDER,ON_FILL,,0.83474,,,,,,,,,,,,
263,04/09/2020 10:57:53 AM,AST,TRADE_CLIENT_EXTENSIONS_MODIFY,,,,,,,,,,,,,,,
264,04/09/2020 11:00:52 AM,AST,MARKET_ORDER,TRADE_CLOSE,NZD/CAD,,2000,Sell,,,,,,,,,,
265,04/09/2020 11:00:52 AM,AST,ORDER_FILL,MARKET_ORDER_TRADE_CLOSE,NZD/CAD,0.84661,2000,Sell,0.4500,,,,0.00000,0.0000,1,2.02000,,2071.23
266,04/09/2020 11:00:52 AM,AST,ORDER_CANCEL,LINKED_TRADE_CLOSED,,,,,,,,,,,,,,
267,04/09/2020 11:01:02 AM,AST,MARKET_ORDER,TRADE_CLOSE,NZD/CAD,,2000,Sell,,,,,,,,,,
268,04/09/2020 11:01:02 AM,AST,ORDER_FILL,MARKET_ORDER_TRADE_CLOSE,NZD/CAD,0.84677,2000,Sell,0.4400,,,,0.00000,0.0000,1,2.22000,,2073.45
269,04/09/2020 11:01:02 AM,AST,ORDER_CANCEL,LINKED_TRADE_CLOSED,,,,,,,,,,,,,,
270,04/09/2020 11:01:32 AM,AST,MARKET_ORDER,TRADE_CLOSE,NZD/CAD,,2000,Sell,,,,,,,,,,
271,04/09/2020 11:01:32 AM,AST,ORDER_FILL,MARKET_ORDER_TRADE_CLOSE,NZD/CAD,0.84704,2000,Sell,0.4500,,,,0.00000,0.0000,1,2.16000,,2075.61
272,04/09/2020 11:01:32 AM,AST,ORDER_CANCEL,LINKED_TRADE_CLOSED,,,,,,,,,,,,,,
273,04/09/2020 11:12:16 AM,AST,MARKET_ORDER,CLIENT_ORDER,NZD/CAD,,2000,Buy,,,,,,,,,,
274,04/09/2020 11:12:16 AM,AST,ORDER_FILL,MARKET_ORDER,NZD/CAD,0.84706,2000,Buy,0.4400,,,,0.00000,0.0000,,0.00000,,2075.61
275,04/09/2020 11:12:16 AM,AST,STOP_LOSS_ORDER,ON_FILL,,0.83608,,,,,,,,,,,,
276,04/09/2020 11:12:16 AM,AST,TRADE_CLIENT_EXTENSIONS_MODIFY,,,,,,,,,,,,,,,
277,04/09/2020 11:18:43 AM,AST,MARKET_ORDER,CLIENT_ORDER,NZD/CAD,,2000,Buy,,,,,,,,,,
278,04/09/2020 11:18:43 AM,AST,ORDER_FILL,MARKET_ORDER,NZD/CAD,0.84673,2000,Buy,0.4600,,,,0.00000,0.0000,,0.00000,,2075.61
279,04/09/2020 11:18:43 AM,AST,STOP_LOSS_ORDER,ON_FILL,,0.83575,,,,,,,,,,,,
280,04/09/2020 11:18:43 AM,AST,TRADE_CLIENT_EXTENSIONS_MODIFY,,,,,,,,,,,,,,,
281,04/09/2020 11:23:32 AM,AST,MARKET_ORDER,TRADE_CLOSE,NZD/CAD,,2000,Sell,,,,,,,,,,
282,04/09/2020 11:23:32 AM,AST,ORDER_FILL,MARKET_ORDER_TRADE_CLOSE,NZD/CAD,0.84708,2000,Sell,0.3800,,,,0.00000,0.0000,1,2.06000,,2077.67
283,04/09/2020 11:23:32 AM,AST,ORDER_CANCEL,LINKED_TRADE_CLOSED,,,,,,,,,,,,,,
284,04/09/2020 11:28:06 AM,AST,MARKET_ORDER,CLIENT_ORDER,NZD/CAD,,2000,Buy,,,,,,,,,,
285,04/09/2020 11:28:06 AM,AST,ORDER_FILL,MARKET_ORDER,NZD/CAD,0.84686,2000,Buy,0.3800,,,,0.00000,0.0000,,0.00000,,2077.67
286,04/09/2020 11:28:06 AM,AST,STOP_LOSS_ORDER,ON_FILL,,0.83585,,,,,,,,,,,,
287,04/09/2020 11:28:06 AM,AST,TRADE_CLIENT_EXTENSIONS_MODIFY,,,,,,,,,,,,,,,
288,04/09/2020 11:29:18 AM,AST,MARKET_ORDER,CLIENT_ORDER,NZD/CAD,,2000,Buy,,,,,,,,,,
289,04/09/2020 11:29:18 AM,AST,ORDER_FILL,MARKET_ORDER,NZD/CAD,0.84666,2000,Buy,0.4300,,,,0.00000,0.0000,,0.00000,,2077.67
290,04/09/2020 11:29:18 AM,AST,STOP_LOSS_ORDER,ON_FILL,,0.83565,,,,,,,,,,,,
291,04/09/2020 11:29:18 AM,AST,TRADE_CLIENT_EXTENSIONS_MODIFY,,,,,,,,,,,,,,,
292,04/09/2020 11:33:29 AM,AST,MARKET_ORDER,CLIENT_ORDER,NZD/CAD,,2000,Buy,,,,,,,,,,
293,04/09/2020 11:33:29 AM,AST,ORDER_FILL,MARKET_ORDER,NZD/CAD,0.84721,2000,Buy,0.4100,,,,0.00000,0.0000,,0.00000,,2077.67
294,04/09/2020 11:33:29 AM,AST,STOP_LOSS_ORDER,ON_FILL,,0.83620,,,,,,,,,,,,
295,04/09/2020 11:33:29 AM,AST,TRADE_CLIENT_EXTENSIONS_MODIFY,,,,,,,,,,,,,,,
296,04/09/2020 11:41:45 AM,AST,MARKET_ORDER,CLIENT_ORDER,NZD/CAD,,2000,Buy,,,,,,,,,,
297,04/09/2020 11:41:45 AM,AST,ORDER_FILL,MARKET_ORDER,NZD/CAD,0.84781,2000,Buy,0.4600,,,,0.00000,0.0000,,0.00000,,2077.67
298,04/09/2020 11:41:45 AM,AST,STOP_LOSS_ORDER,ON_FILL,,0.83676,,,,,,,,,,,,
299,04/09/2020 11:41:45 AM,AST,TRADE_CLIENT_EXTENSIONS_MODIFY,,,,,,,,,,,,,,,
300,04/09/2020 11:42:32 AM,AST,MARKET_ORDER,TRADE_CLOSE,NZD/CAD,,2000,Sell,,,,,,,,,,
301,04/09/2020 11:42:32 AM,AST,ORDER_FILL,MARKET_ORDER_TRADE_CLOSE,NZD/CAD,0.84783,2000,Sell,0.4700,,,,0.00000,0.0000,1,2.34000,,2080.01
302,04/09/2020 11:42:32 AM,AST,ORDER_CANCEL,LINKED_TRADE_CLOSED,,,,,,,,,,,,,,
303,04/09/2020 11:42:32 AM,AST,MARKET_ORDER,TRADE_CLOSE,NZD/CAD,,2000,Sell,,,,,,,,,,
304,04/09/2020 11:42:32 AM,AST,ORDER_FILL,MARKET_ORDER_TRADE_CLOSE,NZD/CAD,0.84783,2000,Sell,0.4700,,,,0.00000,0.0000,1,2.20000,,2082.21
305,04/09/2020 11:42:32 AM,AST,ORDER_CANCEL,LINKED_TRADE_CLOSED,,,,,,,,,,,,,,
306,04/09/2020 11:42:42 AM,AST,MARKET_ORDER,TRADE_CLOSE,NZD/CAD,,2000,Sell,,,,,,,,,,
307,04/09/2020 11:42:42 AM,AST,ORDER_FILL,MARKET_ORDER_TRADE_CLOSE,NZD/CAD,0.84787,2000,Sell,0.4600,,,,0.00000,0.0000,1,2.02000,,2084.23
308,04/09/2020 11:42:42 AM,AST,ORDER_CANCEL,LINKED_TRADE_CLOSED,,,,,,,,,,,,,,
309,04/09/2020 11:43:52 AM,AST,MARKET_ORDER,TRADE_CLOSE,NZD/CAD,,2000,Sell,,,,,,,,,,
310,04/09/2020 11:43:52 AM,AST,ORDER_FILL,MARKET_ORDER_TRADE_CLOSE,NZD/CAD,0.84817,2000,Sell,0.3900,,,,0.00000,0.0000,1,2.22000,,2086.45
311,04/09/2020 11:43:52 AM,AST,ORDER_CANCEL,LINKED_TRADE_CLOSED,,,,,,,,,,,,,,
312,04/09/2020 11:44:42 AM,AST,MARKET_ORDER,TRADE_CLOSE,NZD/CAD,,2000,Sell,,,,,,,,,,
313,04/09/2020 11:44:42 AM,AST,ORDER_FILL,MARKET_ORDER_TRADE_CLOSE,NZD/CAD,0.84825,2000,Sell,0.4000,,,,0.00000,0.0000,1,2.08000,,2088.53
314,04/09/2020 11:44:42 AM,AST,ORDER_CANCEL,LINKED_TRADE_CLOSED,,,,,,,,,,,,,,
315,04/09/2020 11:49:13 AM,AST,MARKET_ORDER,CLIENT_ORDER,NZD/CAD,,2000,Buy,,,,,,,,,,
316,04/09/2020 11:49:13 AM,AST,ORDER_FILL,MARKET_ORDER,NZD/CAD,0.84825,2000,Buy,0.3300,,,,0.00000,0.0000,,0.00000,,2088.53
317,04/09/2020 11:49:13 AM,AST,STOP_LOSS_ORDER,ON_FILL,,0.83710,,,,,,,,,,,,
318,04/09/2020 11:49:13 AM,AST,TRADE_CLIENT_EXTENSIONS_MODIFY,,,,,,,,,,,,,,,
319,04/09/2020 11:58:10 AM,AST,MARKET_ORDER,CLIENT_ORDER,NZD/CAD,,2000,Buy,,,,,,,,,,
320,04/09/2020 11:58:10 AM,AST,ORDER_FILL,MARKET_ORDER,NZD/CAD,0.84809,2000,Buy,0.3900,,,,0.00000,0.0000,,0.00000,,2088.53
321,04/09/2020 11:58:10 AM,AST,STOP_LOSS_ORDER,ON_FILL,,0.83694,,,,,,,,,,,,
322,04/09/2020 11:58:10 AM,AST,TRADE_CLIENT_EXTENSIONS_MODIFY,,,,,,,,,,,,,,,
323,04/09/2020 12:10:33 PM,AST,MARKET_ORDER,CLIENT_ORDER,NZD/CAD,,2000,Buy,,,,,,,,,,
324,04/09/2020 12:10:33 PM,AST,ORDER_FILL,MARKET_ORDER,NZD/CAD,0.84732,2000,Buy,0.4200,,,,0.00000,0.0000,,0.00000,,2088.53
325,04/09/2020 12:10:33 PM,AST,STOP_LOSS_ORDER,ON_FILL,,0.83617,,,,,,,,,,,,
326,04/09/2020 12:10:33 PM,AST,TRADE_CLIENT_EXTENSIONS_MODIFY,,,,,,,,,,,,,,,
327,04/09/2020 12:14:17 PM,AST,MARKET_ORDER,CLIENT_ORDER,NZD/CAD,,2000,Buy,,,,,,,,,,
328,04/09/2020 12:14:17 PM,AST,ORDER_FILL,MARKET_ORDER,NZD/CAD,0.84710,2000,Buy,0.4400,,,,0.00000,0.0000,,0.00000,,2088.53
329,04/09/2020 12:14:17 PM,AST,STOP_LOSS_ORDER,ON_FILL,,0.83595,,,,,,,,,,,,
330,04/09/2020 12:14:17 PM,AST,TRADE_CLIENT_EXTENSIONS_MODIFY,,,,,,,,,,,,,,,
331,04/09/2020 12:19:09 PM,AST,MARKET_ORDER,CLIENT_ORDER,NZD/CAD,,2000,Buy,,,,,,,,,,
332,04/09/2020 12:19:09 PM,AST,ORDER_FILL,MARKET_ORDER,NZD/CAD,0.84667,2000,Buy,0.3500,,,,0.00000,0.0000,,0.00000,,2088.53
333,04/09/2020 12:19:09 PM,AST,STOP_LOSS_ORDER,ON_FILL,,0.83552,,,,,,,,,,,,
334,04/09/2020 12:19:09 PM,AST,TRADE_CLIENT_EXTENSIONS_MODIFY,,,,,,,,,,,,,,,
335,04/09/2020 12:31:55 PM,AST,MARKET_ORDER,CLIENT_ORDER,NZD/CAD,,2000,Buy,,,,,,,,,,
336,04/09/2020 12:31:55 PM,AST,ORDER_FILL,MARKET_ORDER,NZD/CAD,0.84631,2000,Buy,0.4200,,,,0.00000,0.0000,,0.00000,,2088.53
337,04/09/2020 12:31:55 PM,AST,STOP_LOSS_ORDER,ON_FILL,,0.83516,,,,,,,,,,,,
338,04/09/2020 12:31:55 PM,AST,TRADE_CLIENT_EXTENSIONS_MODIFY,,,,,,,,,,,,,,,
339,04/09/2020 12:43:58 PM,AST,MARKET_ORDER,CLIENT_ORDER,NZD/CAD,,2000,Buy,,,,,,,,,,
340,04/09/2020 12:43:58 PM,AST,ORDER_FILL,MARKET_ORDER,NZD/CAD,0.84576,2000,Buy,0.3800,,,,0.00000,0.0000,,0.00000,,2088.53
341,04/09/2020 12:43:58 PM,AST,STOP_LOSS_ORDER,ON_FILL,,0.83456,,,,,,,,,,,,
342,04/09/2020 12:43:58 PM,AST,TRADE_CLIENT_EXTENSIONS_MODIFY,,,,,,,,,,,,,,,
343,04/09/2020 12:53:03 PM,AST,MARKET_ORDER,CLIENT_ORDER,NZD/CAD,,2000,Buy,,,,,,,,,,
344,04/09/2020 12:53:03 PM,AST,ORDER_FILL,MARKET_ORDER,NZD/CAD,0.84658,2000,Buy,0.4300,,,,0.00000,0.0000,,0.00000,,2088.53
345,04/09/2020 12:53:03 PM,AST,STOP_LOSS_ORDER,ON_FILL,,0.83538,,,,,,,,,,,,
346,04/09/2020 12:53:03 PM,AST,TRADE_CLIENT_EXTENSIONS_MODIFY,,,,,,,,,,,,,,,
347,04/09/2020 12:57:14 PM,AST,MARKET_ORDER,CLIENT_ORDER,NZD/CAD,,2000,Buy,,,,,,,,,,
348,04/09/2020 12:57:14 PM,AST,ORDER_FILL,MARKET_ORDER,NZD/CAD,0.84664,2000,Buy,0.4500,,,,0.00000,0.0000,,0.00000,,2088.53
349,04/09/2020 12:57:14 PM,AST,STOP_LOSS_ORDER,ON_FILL,,0.83544,,,,,,,,,,,,
350,04/09/2020 12:57:14 PM,AST,TRADE_CLIENT_EXTENSIONS_MODIFY,,,,,,,,,,,,,,,
351,04/09/2020 12:59:52 PM,AST,MARKET_ORDER,TRADE_CLOSE,NZD/CAD,,2000,Sell,,,,,,,,,,
352,04/09/2020 12:59:52 PM,AST,ORDER_FILL,MARKET_ORDER_TRADE_CLOSE,NZD/CAD,0.84677,2000,Sell,0.4200,,,,0.00000,0.0000,1,2.02000,,2090.55
353,04/09/2020 12:59:52 PM,AST,ORDER_CANCEL,LINKED_TRADE_CLOSED,,,,,,,,,,,,,,
354,04/09/2020 01:05:23 PM,AST,MARKET_ORDER,CLIENT_ORDER,NZD/CAD,,2000,Buy,,,,,,,,,,
355,04/09/2020 01:05:23 PM,AST,ORDER_FILL,MARKET_ORDER,NZD/CAD,0.84718,2000,Buy,0.5100,,,,0.00000,0.0000,,0.00000,,2090.55
356,04/09/2020 01:05:23 PM,AST,STOP_LOSS_ORDER,ON_FILL,,0.83598,,,,,,,,,,,,
357,04/09/2020 01:05:23 PM,AST,TRADE_CLIENT_EXTENSIONS_MODIFY,,,,,,,,,,,,,,,
358,04/09/2020 01:11:02 PM,AST,MARKET_ORDER,TRADE_CLOSE,NZD/CAD,,2000,Sell,,,,,,,,,,
359,04/09/2020 01:11:02 PM,AST,ORDER_FILL,MARKET_ORDER_TRADE_CLOSE,NZD/CAD,0.84733,2000,Sell,0.4100,,,,0.00000,0.0000,1,2.04000,,2092.59
360,04/09/2020 01:11:02 PM,AST,ORDER_CANCEL,LINKED_TRADE_CLOSED,,,,,,,,,,,,,,
361,04/09/2020 01:19:19 PM,AST,MARKET_ORDER,CLIENT_ORDER,NZD/CAD,,2000,Buy,,,,,,,,,,
362,04/09/2020 01:19:19 PM,AST,ORDER_FILL,MARKET_ORDER,NZD/CAD,0.84763,2000,Buy,0.4400,,,,0.00000,0.0000,,0.00000,,2092.59
363,04/09/2020 01:19:19 PM,AST,STOP_LOSS_ORDER,ON_FILL,,0.83643,,,,,,,,,,,,
364,04/09/2020 01:19:19 PM,AST,TRADE_CLIENT_EXTENSIONS_MODIFY,,,,,,,,,,,,,,,
365,04/09/2020 01:22:43 PM,AST,MARKET_ORDER,CLIENT_ORDER,NZD/CAD,,2000,Buy,,,,,,,,,,
366,04/09/2020 01:22:43 PM,AST,ORDER_FILL,MARKET_ORDER,NZD/CAD,0.84740,2000,Buy,0.5400,,,,0.00000,0.0000,,0.00000,,2092.59
367,04/09/2020 01:22:43 PM,AST,STOP_LOSS_ORDER,ON_FILL,,0.83620,,,,,,,,,,,,
368,04/09/2020 01:22:43 PM,AST,TRADE_CLIENT_EXTENSIONS_MODIFY,,,,,,,,,,,,,,,
369,04/09/2020 01:31:12 PM,AST,MARKET_ORDER,TRADE_CLOSE,NZD/CAD,,2000,Sell,,,,,,,,,,
370,04/09/2020 01:31:12 PM,AST,ORDER_FILL,MARKET_ORDER_TRADE_CLOSE,NZD/CAD,0.84845,2000,Sell,0.5300,,,,0.00000,0.0000,1,2.10000,,2094.69
371,04/09/2020 01:31:12 PM,AST,ORDER_CANCEL,LINKED_TRADE_CLOSED,,,,,,,,,,,,,,
372,04/09/2020 01:31:12 PM,AST,MARKET_ORDER,TRADE_CLOSE,NZD/CAD,,2000,Sell,,,,,,,,,,
373,04/09/2020 01:31:12 PM,AST,ORDER_FILL,MARKET_ORDER_TRADE_CLOSE,NZD/CAD,0.84826,2000,Sell,0.5300,,,,0.00000,0.0000,1,2.16000,,2096.85
374,04/09/2020 01:31:12 PM,AST,ORDER_CANCEL,LINKED_TRADE_CLOSED,,,,,,,,,,,,,,
375,04/09/2020 01:31:12 PM,AST,MARKET_ORDER,TRADE_CLOSE,NZD/CAD,,2000,Sell,,,,,,,,,,
376,04/09/2020 01:31:12 PM,AST,ORDER_FILL,MARKET_ORDER_TRADE_CLOSE,NZD/CAD,0.84824,2000,Sell,0.5600,,,,0.00000,0.0000,1,3.20000,,2100.05
377,04/09/2020 01:31:12 PM,AST,ORDER_CANCEL,LINKED_TRADE_CLOSED,,,,,,,,,,,,,,
378,04/09/2020 01:31:12 PM,AST,MARKET_ORDER,TRADE_CLOSE,NZD/CAD,,2000,Sell,,,,,,,,,,
379,04/09/2020 01:31:12 PM,AST,ORDER_FILL,MARKET_ORDER_TRADE_CLOSE,NZD/CAD,0.84826,2000,Sell,0.5500,,,,0.00000,0.0000,1,3.36000,,2103.41
380,04/09/2020 01:31:12 PM,AST,ORDER_CANCEL,LINKED_TRADE_CLOSED,,,,,,,,,,,,,,
381,04/09/2020 01:31:12 PM,AST,MARKET_ORDER,TRADE_CLOSE,NZD/CAD,,2000,Sell,,,,,,,,,,
382,04/09/2020 01:31:12 PM,AST,ORDER_FILL,MARKET_ORDER_TRADE_CLOSE,NZD/CAD,0.84821,2000,Sell,0.6400,,,,0.00000,0.0000,1,3.08000,,2106.49
383,04/09/2020 01:31:12 PM,AST,ORDER_CANCEL,LINKED_TRADE_CLOSED,,,,,,,,,,,,,,
384,04/09/2020 01:31:12 PM,AST,MARKET_ORDER,TRADE_CLOSE,NZD/CAD,,2000,Sell,,,,,,,,,,
385,04/09/2020 01:31:12 PM,AST,ORDER_FILL,MARKET_ORDER_TRADE_CLOSE,NZD/CAD,0.84824,2000,Sell,0.6100,,,,0.00000,0.0000,1,2.28000,,2108.77
386,04/09/2020 01:31:12 PM,AST,ORDER_CANCEL,LINKED_TRADE_CLOSED,,,,,,,,,,,,,,
387,04/09/2020 01:31:22 PM,AST,MARKET_ORDER,TRADE_CLOSE,NZD/CAD,,2000,Sell,,,,,,,,,,
388,04/09/2020 01:31:22 PM,AST,ORDER_FILL,MARKET_ORDER_TRADE_CLOSE,NZD/CAD,0.84851,2000,Sell,0.7500,,,,0.00000,0.0000,1,2.38000,,2111.15
389,04/09/2020 01:31:22 PM,AST,ORDER_CANCEL,LINKED_TRADE_CLOSED,,,,,,,,,,,,,,
390,04/09/2020 01:31:37 PM,AST,MARKET_ORDER,CLIENT_ORDER,NZD/CAD,,2000,Buy,,,,,,,,,,
391,04/09/2020 01:31:37 PM,AST,ORDER_FILL,MARKET_ORDER,NZD/CAD,0.84945,2000,Buy,0.6400,,,,0.00000,0.0000,,0.00000,,2111.15
392,04/09/2020 01:31:37 PM,AST,STOP_LOSS_ORDER,ON_FILL,,0.83810,,,,,,,,,,,,
393,04/09/2020 01:31:37 PM,AST,TRADE_CLIENT_EXTENSIONS_MODIFY,,,,,,,,,,,,,,,
394,04/09/2020 01:31:42 PM,AST,MARKET_ORDER,TRADE_CLOSE,NZD/CAD,,2000,Sell,,,,,,,,,,
395,04/09/2020 01:31:42 PM,AST,ORDER_FILL,MARKET_ORDER_TRADE_CLOSE,NZD/CAD,0.84893,2000,Sell,0.7000,,,,0.00000,0.0000,1,2.60000,,2113.75
396,04/09/2020 01:31:42 PM,AST,ORDER_CANCEL,LINKED_TRADE_CLOSED,,,,,,,,,,,,,,
397,04/09/2020 01:31:42 PM,AST,MARKET_ORDER,TRADE_CLOSE,NZD/CAD,,2000,Sell,,,,,,,,,,
398,04/09/2020 01:31:42 PM,AST,ORDER_FILL,MARKET_ORDER_TRADE_CLOSE,NZD/CAD,0.84895,2000,Sell,0.6400,,,,0.00000,0.0000,1,2.28000,,2116.03
399,04/09/2020 01:31:42 PM,AST,ORDER_CANCEL,LINKED_TRADE_CLOSED,,,,,,,,,,,,,,
400,04/09/2020 01:32:02 PM,AST,MARKET_ORDER,TRADE_CLOSE,NZD/CAD,,2000,Sell,,,,,,,,,,
401,04/09/2020 01:32:02 PM,AST,ORDER_FILL,MARKET_ORDER_TRADE_CLOSE,NZD/CAD,0.84927,2000,Sell,0.5500,,,,0.00000,0.0000,1,2.36000,,2118.39
402,04/09/2020 01:32:02 PM,AST,ORDER_CANCEL,LINKED_TRADE_CLOSED,,,,,,,,,,,,,,
403,04/09/2020 01:32:02 PM,AST,MARKET_ORDER,TRADE_CLOSE,NZD/CAD,,2000,Sell,,,,,,,,,,
404,04/09/2020 01:32:02 PM,AST,ORDER_FILL,MARKET_ORDER_TRADE_CLOSE,NZD/CAD,0.84925,2000,Sell,0.5500,,,,0.00000,0.0000,1,2.56000,,2120.95
405,04/09/2020 01:32:02 PM,AST,ORDER_CANCEL,LINKED_TRADE_CLOSED,,,,,,,,,,,,,,
406,04/09/2020 01:32:12 PM,AST,MARKET_ORDER,TRADE_CLOSE,NZD/CAD,,2000,Sell,,,,,,,,,,
407,04/09/2020 01:32:12 PM,AST,ORDER_FILL,MARKET_ORDER_TRADE_CLOSE,NZD/CAD,0.84942,2000,Sell,0.5300,,,,0.00000,0.0000,1,2.34000,,2123.29
408,04/09/2020 01:32:12 PM,AST,ORDER_CANCEL,LINKED_TRADE_CLOSED,,,,,,,,,,,,,,
409,04/09/2020 01:32:12 PM,AST,MARKET_ORDER,TRADE_CLOSE,NZD/CAD,,2000,Sell,,,,,,,,,,
410,04/09/2020 01:32:12 PM,AST,ORDER_FILL,MARKET_ORDER_TRADE_CLOSE,NZD/CAD,0.84937,2000,Sell,0.6000,,,,0.00000,0.0000,1,2.22000,,2125.51
411,04/09/2020 01:32:12 PM,AST,ORDER_CANCEL,LINKED_TRADE_CLOSED,,,,,,,,,,,,,,
412,04/09/2020 01:38:22 PM,AST,MARKET_ORDER,TRADE_CLOSE,NZD/CAD,,2000,Sell,,,,,,,,,,
413,04/09/2020 01:38:22 PM,AST,ORDER_FILL,MARKET_ORDER_TRADE_CLOSE,NZD/CAD,0.84955,2000,Sell,0.5000,,,,0.00000,0.0000,1,2.16000,,2127.67
414,04/09/2020 01:38:22 PM,AST,ORDER_CANCEL,LINKED_TRADE_CLOSED,,,,,,,,,,,,,,
415,04/09/2020 01:46:21 PM,AST,MARKET_ORDER,CLIENT_ORDER,NZD/CAD,,2000,Buy,,,,,,,,,,
416,04/09/2020 01:46:21 PM,AST,ORDER_FILL,MARKET_ORDER,NZD/CAD,0.84985,2000,Buy,0.4000,,,,0.00000,0.0000,,0.00000,,2127.67
417,04/09/2020 01:46:21 PM,AST,STOP_LOSS_ORDER,ON_FILL,,0.83843,,,,,,,,,,,,
418,04/09/2020 01:46:21 PM,AST,TRADE_CLIENT_EXTENSIONS_MODIFY,,,,,,,,,,,,,,,
419,04/09/2020 01:47:29 PM,AST,MARKET_ORDER,CLIENT_ORDER,NZD/CAD,,2000,Buy,,,,,,,,,,
420,04/09/2020 01:47:29 PM,AST,ORDER_FILL,MARKET_ORDER,NZD/CAD,0.84916,2000,Buy,0.4700,,,,0.00000,0.0000,,0.00000,,2127.67
421,04/09/2020 01:47:29 PM,AST,STOP_LOSS_ORDER,ON_FILL,,0.83774,,,,,,,,,,,,
422,04/09/2020 01:47:29 PM,AST,TRADE_CLIENT_EXTENSIONS_MODIFY,,,,,,,,,,,,,,,
423,04/09/2020 01:55:51 PM,AST,MARKET_ORDER,CLIENT_ORDER,NZD/CAD,,2000,Buy,,,,,,,,,,
424,04/09/2020 01:55:51 PM,AST,ORDER_FILL,MARKET_ORDER,NZD/CAD,0.84947,2000,Buy,0.4400,,,,0.00000,0.0000,,0.00000,,2127.67
425,04/09/2020 01:55:51 PM,AST,STOP_LOSS_ORDER,ON_FILL,,0.83805,,,,,,,,,,,,
426,04/09/2020 01:55:51 PM,AST,TRADE_CLIENT_EXTENSIONS_MODIFY,,,,,,,,,,,,,,,
427,04/09/2020 01:57:10 PM,AST,MARKET_ORDER,CLIENT_ORDER,NZD/CAD,,2000,Buy,,,,,,,,,,
428,04/09/2020 01:57:10 PM,AST,ORDER_FILL,MARKET_ORDER,NZD/CAD,0.84958,2000,Buy,0.4800,,,,0.00000,0.0000,,0.00000,,2127.67
429,04/09/2020 01:57:10 PM,AST,STOP_LOSS_ORDER,ON_FILL,,0.83816,,,,,,,,,,,,
430,04/09/2020 01:57:10 PM,AST,TRADE_CLIENT_EXTENSIONS_MODIFY,,,,,,,,,,,,,,,
431,04/09/2020 02:08:41 PM,AST,MARKET_ORDER,CLIENT_ORDER,NZD/CAD,,2000,Buy,,,,,,,,,,
432,04/09/2020 02:08:41 PM,AST,ORDER_FILL,MARKET_ORDER,NZD/CAD,0.84982,2000,Buy,0.4700,,,,0.00000,0.0000,,0.00000,,2127.67
433,04/09/2020 02:08:41 PM,AST,STOP_LOSS_ORDER,ON_FILL,,0.83889,,,,,,,,,,,,
434,04/09/2020 02:08:41 PM,AST,TRADE_CLIENT_EXTENSIONS_MODIFY,,,,,,,,,,,,,,,
435,04/09/2020 02:19:59 PM,AST,MARKET_ORDER,CLIENT_ORDER,NZD/CAD,,2000,Buy,,,,,,,,,,
436,04/09/2020 02:19:59 PM,AST,ORDER_FILL,MARKET_ORDER,NZD/CAD,0.84956,2000,Buy,0.4100,,,,0.00000,0.0000,,0.00000,,2127.67
437,04/09/2020 02:19:59 PM,AST,STOP_LOSS_ORDER,ON_FILL,,0.83863,,,,,,,,,,,,
438,04/09/2020 02:19:59 PM,AST,TRADE_CLIENT_EXTENSIONS_MODIFY,,,,,,,,,,,,,,,
439,04/09/2020 02:28:05 PM,AST,MARKET_ORDER,CLIENT_ORDER,NZD/CAD,,2000,Buy,,,,,,,,,,
440,04/09/2020 02:28:05 PM,AST,ORDER_FILL,MARKET_ORDER,NZD/CAD,0.85015,2000,Buy,0.3900,,,,0.00000,0.0000,,0.00000,,2127.67
441,04/09/2020 02:28:05 PM,AST,STOP_LOSS_ORDER,ON_FILL,,0.83915,,,,,,,,,,,,
442,04/09/2020 02:28:05 PM,AST,TRADE_CLIENT_EXTENSIONS_MODIFY,,,,,,,,,,,,,,,
443,04/09/2020 02:30:08 PM,AST,MARKET_ORDER,CLIENT_ORDER,NZD/CAD,,2000,Buy,,,,,,,,,,
444,04/09/2020 02:30:08 PM,AST,ORDER_FILL,MARKET_ORDER,NZD/CAD,0.85010,2000,Buy,0.4700,,,,0.00000,0.0000,,0.00000,,2127.67
445,04/09/2020 02:30:08 PM,AST,STOP_LOSS_ORDER,ON_FILL,,0.83908,,,,,,,,,,,,
446,04/09/2020 02:30:08 PM,AST,TRADE_CLIENT_EXTENSIONS_MODIFY,,,,,,,,,,,,,,,
447,04/09/2020 02:37:12 PM,AST,MARKET_ORDER,TRADE_CLOSE,NZD/CAD,,2000,Sell,,,,,,,,,,
448,04/09/2020 02:37:12 PM,AST,ORDER_FILL,MARKET_ORDER_TRADE_CLOSE,NZD/CAD,0.85017,2000,Sell,0.4400,,,,0.00000,0.0000,1,2.02000,,2129.69
449,04/09/2020 02:37:12 PM,AST,ORDER_CANCEL,LINKED_TRADE_CLOSED,,,,,,,,,,,,,,
450,04/09/2020 02:43:35 PM,AST,MARKET_ORDER,CLIENT_ORDER,NZD/CAD,,2000,Buy,,,,,,,,,,
451,04/09/2020 02:43:35 PM,AST,ORDER_FILL,MARKET_ORDER,NZD/CAD,0.85047,2000,Buy,0.4500,,,,0.00000,0.0000,,0.00000,,2129.69
452,04/09/2020 02:43:35 PM,AST,STOP_LOSS_ORDER,ON_FILL,,0.83938,,,,,,,,,,,,
453,04/09/2020 02:43:35 PM,AST,TRADE_CLIENT_EXTENSIONS_MODIFY,,,,,,,,,,,,,,,
454,04/09/2020 02:45:12 PM,AST,MARKET_ORDER,TRADE_CLOSE,NZD/CAD,,2000,Sell,,,,,,,,,,
455,04/09/2020 02:45:12 PM,AST,ORDER_FILL,MARKET_ORDER_TRADE_CLOSE,NZD/CAD,0.85047,2000,Sell,0.4200,,,,0.00000,0.0000,1,2.04000,,2131.73
456,04/09/2020 02:45:12 PM,AST,ORDER_CANCEL,LINKED_TRADE_CLOSED,,,,,,,,,,,,,,
457,04/09/2020 02:45:38 PM,AST,MARKET_ORDER,CLIENT_ORDER,NZD/CAD,,2000,Buy,,,,,,,,,,
458,04/09/2020 02:45:38 PM,AST,ORDER_FILL,MARKET_ORDER,NZD/CAD,0.85063,2000,Buy,0.3700,,,,0.00000,0.0000,,0.00000,,2131.73
459,04/09/2020 02:45:38 PM,AST,STOP_LOSS_ORDER,ON_FILL,,0.83954,,,,,,,,,,,,
460,04/09/2020 02:45:38 PM,AST,TRADE_CLIENT_EXTENSIONS_MODIFY,,,,,,,,,,,,,,,
461,04/09/2020 02:54:22 PM,AST,MARKET_ORDER,TRADE_CLOSE,NZD/CAD,,2000,Sell,,,,,,,,,,
462,04/09/2020 02:54:22 PM,AST,ORDER_FILL,MARKET_ORDER_TRADE_CLOSE,NZD/CAD,0.85050,2000,Sell,0.4800,,,,0.00000,0.0000,1,2.06000,,2133.79
463,04/09/2020 02:54:22 PM,AST,ORDER_CANCEL,LINKED_TRADE_CLOSED,,,,,,,,,,,,,,
464,04/09/2020 02:59:50 PM,AST,MARKET_ORDER,CLIENT_ORDER,NZD/CAD,,2000,Buy,,,,,,,,,,
465,04/09/2020 02:59:50 PM,AST,ORDER_FILL,MARKET_ORDER,NZD/CAD,0.85002,2000,Buy,0.4100,,,,0.00000,0.0000,,0.00000,,2133.79
466,04/09/2020 02:59:50 PM,AST,STOP_LOSS_ORDER,ON_FILL,,0.83891,,,,,,,,,,,,
467,04/09/2020 02:59:50 PM,AST,TRADE_CLIENT_EXTENSIONS_MODIFY,,,,,,,,,,,,,,,
468,04/09/2020 03:01:49 PM,AST,MARKET_ORDER,CLIENT_ORDER,NZD/CAD,,2000,Buy,,,,,,,,,,
469,04/09/2020 03:01:49 PM,AST,ORDER_FILL,MARKET_ORDER,NZD/CAD,0.85013,2000,Buy,0.4000,,,,0.00000,0.0000,,0.00000,,2133.79
470,04/09/2020 03:01:49 PM,AST,STOP_LOSS_ORDER,ON_FILL,,0.83902,,,,,,,,,,,,
471,04/09/2020 03:01:49 PM,AST,TRADE_CLIENT_EXTENSIONS_MODIFY,,,,,,,,,,,,,,,
472,04/09/2020 03:04:57 PM,AST,MARKET_ORDER,CLIENT_ORDER,NZD/CAD,,2000,Buy,,,,,,,,,,
473,04/09/2020 03:04:57 PM,AST,ORDER_FILL,MARKET_ORDER,NZD/CAD,0.84999,2000,Buy,0.3900,,,,0.00000,0.0000,,0.00000,,2133.79
474,04/09/2020 03:04:57 PM,AST,STOP_LOSS_ORDER,ON_FILL,,0.83888,,,,,,,,,,,,
475,04/09/2020 03:04:57 PM,AST,TRADE_CLIENT_EXTENSIONS_MODIFY,,,,,,,,,,,,,,,
476,04/09/2020 03:14:10 PM,AST,MARKET_ORDER,CLIENT_ORDER,NZD/CAD,,2000,Buy,,,,,,,,,,
477,04/09/2020 03:14:10 PM,AST,ORDER_FILL,MARKET_ORDER,NZD/CAD,0.85063,2000,Buy,0.4600,,,,0.00000,0.0000,,0.00000,,2133.79
478,04/09/2020 03:14:10 PM,AST,STOP_LOSS_ORDER,ON_FILL,,0.83952,,,,,,,,,,,,
479,04/09/2020 03:14:10 PM,AST,TRADE_CLIENT_EXTENSIONS_MODIFY,,,,,,,,,,,,,,,
480,04/09/2020 03:25:53 PM,AST,MARKET_ORDER,CLIENT_ORDER,NZD/CAD,,2000,Buy,,,,,,,,,,
481,04/09/2020 03:25:53 PM,AST,ORDER_FILL,MARKET_ORDER,NZD/CAD,0.85032,2000,Buy,0.3800,,,,0.00000,0.0000,,0.00000,,2133.79
482,04/09/2020 03:25:53 PM,AST,STOP_LOSS_ORDER,ON_FILL,,0.83921,,,,,,,,,,,,
483,04/09/2020 03:25:53 PM,AST,TRADE_CLIENT_EXTENSIONS_MODIFY,,,,,,,,,,,,,,,
484,04/09/2020 03:39:05 PM,AST,MARKET_ORDER,CLIENT_ORDER,NZD/CAD,,2000,Buy,,,,,,,,,,
485,04/09/2020 03:39:05 PM,AST,ORDER_FILL,MARKET_ORDER,NZD/CAD,0.85019,2000,Buy,0.4400,,,,0.00000,0.0000,,0.00000,,2133.79
486,04/09/2020 03:39:05 PM,AST,STOP_LOSS_ORDER,ON_FILL,,0.83908,,,,,,,,,,,,
487,04/09/2020 03:39:05 PM,AST,TRADE_CLIENT_EXTENSIONS_MODIFY,,,,,,,,,,,,,,,
488,04/09/2020 03:40:32 PM,AST,MARKET_ORDER,CLIENT_ORDER,NZD/CAD,,2000,Buy,,,,,,,,,,
489,04/09/2020 03:40:32 PM,AST,ORDER_FILL,MARKET_ORDER,NZD/CAD,0.85025,2000,Buy,0.4100,,,,0.00000,0.0000,,0.00000,,2133.79
490,04/09/2020 03:40:32 PM,AST,STOP_LOSS_ORDER,ON_FILL,,0.83914,,,,,,,,,,,,
491,04/09/2020 03:40:32 PM,AST,TRADE_CLIENT_EXTENSIONS_MODIFY,,,,,,,,,,,,,,,
492,04/09/2020 03:45:31 PM,AST,MARKET_ORDER,CLIENT_ORDER,NZD/CAD,,2000,Buy,,,,,,,,,,
493,04/09/2020 03:45:31 PM,AST,ORDER_FILL,MARKET_ORDER,NZD/CAD,0.85025,2000,Buy,0.4900,,,,0.00000,0.0000,,0.00000,,2133.79
494,04/09/2020 03:45:31 PM,AST,STOP_LOSS_ORDER,ON_FILL,,0.83914,,,,,,,,,,,,
495,04/09/2020 03:45:31 PM,AST,TRADE_CLIENT_EXTENSIONS_MODIFY,,,,,,,,,,,,,,,
496,04/09/2020 03:51:30 PM,AST,MARKET_ORDER,CLIENT_ORDER,NZD/CAD,,2000,Buy,,,,,,,,,,
497,04/09/2020 03:51:30 PM,AST,ORDER_FILL,MARKET_ORDER,NZD/CAD,0.84994,2000,Buy,0.5000,,,,0.00000,0.0000,,0.00000,,2133.79
498,04/09/2020 03:51:30 PM,AST,STOP_LOSS_ORDER,ON_FILL,,0.83883,,,,,,,,,,,,
499,04/09/2020 03:51:30 PM,AST,TRADE_CLIENT_EXTENSIONS_MODIFY,,,,,,,,,,,,,,,
500,04/09/2020 03:57:35 PM,AST,MARKET_ORDER,CLIENT_ORDER,NZD/CAD,,2000,Buy,,,,,,,,,,
501,04/09/2020 03:57:35 PM,AST,ORDER_FILL,MARKET_ORDER,NZD/CAD,0.85043,2000,Buy,0.5500,,,,0.00000,0.0000,,0.00000,,2133.79
502,04/09/2020 03:57:35 PM,AST,STOP_LOSS_ORDER,ON_FILL,,0.83932,,,,,,,,,,,,
503,04/09/2020 03:57:35 PM,AST,TRADE_CLIENT_EXTENSIONS_MODIFY,,,,,,,,,,,,,,,
504,04/09/2020 03:59:18 PM,AST,MARKET_ORDER,CLIENT_ORDER,NZD/CAD,,2000,Buy,,,,,,,,,,
505,04/09/2020 03:59:18 PM,AST,ORDER_FILL,MARKET_ORDER,NZD/CAD,0.85020,2000,Buy,0.3800,,,,0.00000,0.0000,,0.00000,,2133.79
506,04/09/2020 03:59:18 PM,AST,STOP_LOSS_ORDER,ON_FILL,,0.83909,,,,,,,,,,,,
507,04/09/2020 03:59:18 PM,AST,TRADE_CLIENT_EXTENSIONS_MODIFY,,,,,,,,,,,,,,,
508,04/09/2020 04:02:30 PM,AST,MARKET_ORDER,CLIENT_ORDER,NZD/CAD,,2000,Buy,,,,,,,,,,
509,04/09/2020 04:02:30 PM,AST,ORDER_FILL,MARKET_ORDER,NZD/CAD,0.85020,2000,Buy,0.6200,,,,0.00000,0.0000,,0.00000,,2133.79
510,04/09/2020 04:02:30 PM,AST,STOP_LOSS_ORDER,ON_FILL,,0.83909,,,,,,,,,,,,
511,04/09/2020 04:02:30 PM,AST,TRADE_CLIENT_EXTENSIONS_MODIFY,,,,,,,,,,,,,,,
512,04/09/2020 04:09:24 PM,AST,MARKET_ORDER,CLIENT_ORDER,NZD/CAD,,2000,Buy,,,,,,,,,,
513,04/09/2020 04:09:24 PM,AST,ORDER_FILL,MARKET_ORDER,NZD/CAD,0.84997,2000,Buy,0.4900,,,,0.00000,0.0000,,0.00000,,2133.79
514,04/09/2020 04:09:24 PM,AST,STOP_LOSS_ORDER,ON_FILL,,0.83886,,,,,,,,,,,,
515,04/09/2020 04:09:24 PM,AST,TRADE_CLIENT_EXTENSIONS_MODIFY,,,,,,,,,,,,,,,
516,04/09/2020 05:00:00 PM,AST,DAILY_FINANCING,,,,,,,,,,0.00000,,,,,2133.79
,04/09/2020 05:00:00 PM,AST,DAILY_FINANCING,TradeID: 416,NZD/CAD,,,,,,,,0.00000,,,,,
,04/09/2020 05:00:00 PM,AST,DAILY_FINANCING,TradeID: 428,NZD/CAD,,,,,,,,0.00000,,,,,
,04/09/2020 05:00:00 PM,AST,DAILY_FINANCING,TradeID: 432,NZD/CAD,,,,,,,,0.00000,,,,,
,04/09/2020 05:00:00 PM,AST,DAILY_FINANCING,TradeID: 436,NZD/CAD,,,,,,,,0.00000,,,,,
,04/09/2020 05:00:00 PM,AST,DAILY_FINANCING,TradeID: 440,NZD/CAD,,,,,,,,0.00000,,,,,
,04/09/2020 05:00:00 PM,AST,DAILY_FINANCING,TradeID: 444,NZD/CAD,,,,,,,,0.00000,,,,,
,04/09/2020 05:00:00 PM,AST,DAILY_FINANCING,TradeID: 451,NZD/CAD,,,,,,,,0.00000,,,,,
,04/09/2020 05:00:00 PM,AST,DAILY_FINANCING,TradeID: 458,NZD/CAD,,,,,,,,0.00000,,,,,
,04/09/2020 05:00:00 PM,AST,DAILY_FINANCING,TradeID: 465,NZD/CAD,,,,,,,,0.00000,,,,,
,04/09/2020 05:00:00 PM,AST,DAILY_FINANCING,TradeID: 469,NZD/CAD,,,,,,,,0.00000,,,,,
,04/09/2020 05:00:00 PM,AST,DAILY_FINANCING,TradeID: 473,NZD/CAD,,,,,,,,0.00000,,,,,
,04/09/2020 05:00:00 PM,AST,DAILY_FINANCING,TradeID: 477,NZD/CAD,,,,,,,,0.00000,,,,,
,04/09/2020 05:00:00 PM,AST,DAILY_FINANCING,TradeID: 481,NZD/CAD,,,,,,,,0.00000,,,,,
,04/09/2020 05:00:00 PM,AST,DAILY_FINANCING,TradeID: 485,NZD/CAD,,,,,,,,0.00000,,,,,
,04/09/2020 05:00:00 PM,AST,DAILY_FINANCING,TradeID: 489,NZD/CAD,,,,,,,,0.00000,,,,,
,04/09/2020 05:00:00 PM,AST,DAILY_FINANCING,TradeID: 493,NZD/CAD,,,,,,,,0.00000,,,,,
,04/09/2020 05:00:00 PM,AST,DAILY_FINANCING,TradeID: 497,NZD/CAD,,,,,,,,0.00000,,,,,
,04/09/2020 05:00:00 PM,AST,DAILY_FINANCING,TradeID: 501,NZD/CAD,,,,,,,,0.00000,,,,,
,04/09/2020 05:00:00 PM,AST,DAILY_FINANCING,TradeID: 505,NZD/CAD,,,,,,,,0.00000,,,,,
,04/09/2020 05:00:00 PM,AST,DAILY_FINANCING,TradeID: 509,NZD/CAD,,,,,,,,0.00000,,,,,
,04/09/2020 05:00:00 PM,AST,DAILY_FINANCING,TradeID: 513,NZD/CAD,,,,,,,,0.00000,,,,,
517,04/10/2020 02:25:06 AM,AST,MARKET_ORDER,TRADE_CLOSE,NZD/CAD,,2000,Sell,,,,,,,,,,
518,04/10/2020 02:25:06 AM,AST,ORDER_FILL,MARKET_ORDER_TRADE_CLOSE,NZD/CAD,0.85059,2000,Sell,0.6300,,,,0.00000,0.0000,1,2.06000,,2135.85
519,04/10/2020 02:25:06 AM,AST,ORDER_CANCEL,LINKED_TRADE_CLOSED,,,,,,,,,,,,,,
520,04/10/2020 02:25:06 AM,AST,MARKET_ORDER,TRADE_CLOSE,NZD/CAD,,2000,Sell,,,,,,,,,,
521,04/10/2020 02:25:06 AM,AST,ORDER_FILL,MARKET_ORDER_TRADE_CLOSE,NZD/CAD,0.85059,2000,Sell,0.6300,,,,0.00000,0.0000,1,2.02000,,2137.87
522,04/10/2020 02:25:06 AM,AST,ORDER_CANCEL,LINKED_TRADE_CLOSED,,,,,,,,,,,,,,
523,04/10/2020 02:25:46 AM,AST,MARKET_ORDER,TRADE_CLOSE,NZD/CAD,,2000,Sell,,,,,,,,,,
524,04/10/2020 02:25:46 AM,AST,ORDER_FILL,MARKET_ORDER_TRADE_CLOSE,NZD/CAD,0.85097,2000,Sell,0.7400,,,,0.00000,0.0000,1,2.30000,,2140.17
525,04/10/2020 02:25:46 AM,AST,ORDER_CANCEL,LINKED_TRADE_CLOSED,,,,,,,,,,,,,,
526,04/10/2020 02:25:46 AM,AST,MARKET_ORDER,TRADE_CLOSE,NZD/CAD,,2000,Sell,,,,,,,,,,
527,04/10/2020 02:25:46 AM,AST,ORDER_FILL,MARKET_ORDER_TRADE_CLOSE,NZD/CAD,0.85097,2000,Sell,0.7400,,,,0.00000,0.0000,1,2.24000,,2142.41
528,04/10/2020 02:25:46 AM,AST,ORDER_CANCEL,LINKED_TRADE_CLOSED,,,,,,,,,,,,,,
529,04/10/2020 02:25:55 AM,AST,MARKET_ORDER,TRADE_CLOSE,NZD/CAD,,2000,Sell,,,,,,,,,,
530,04/10/2020 02:25:55 AM,AST,ORDER_FILL,MARKET_ORDER_TRADE_CLOSE,NZD/CAD,0.85101,2000,Sell,0.7200,,,,0.00000,0.0000,1,2.08000,,2144.49
531,04/10/2020 02:25:55 AM,AST,ORDER_CANCEL,LINKED_TRADE_CLOSED,,,,,,,,,,,,,,
532,04/10/2020 02:25:55 AM,AST,MARKET_ORDER,TRADE_CLOSE,NZD/CAD,,2000,Sell,,,,,,,,,,
533,04/10/2020 02:25:55 AM,AST,ORDER_FILL,MARKET_ORDER_TRADE_CLOSE,NZD/CAD,0.85101,2000,Sell,0.7200,,,,0.00000,0.0000,1,2.14000,,2146.63
534,04/10/2020 02:25:55 AM,AST,ORDER_CANCEL,LINKED_TRADE_CLOSED,,,,,,,,,,,,,,
535,04/10/2020 02:25:56 AM,AST,MARKET_ORDER,TRADE_CLOSE,NZD/CAD,,2000,Sell,,,,,,,,,,
536,04/10/2020 02:25:56 AM,AST,ORDER_FILL,MARKET_ORDER_TRADE_CLOSE,NZD/CAD,0.85101,2000,Sell,0.7200,,,,0.00000,0.0000,1,2.04000,,2148.67
537,04/10/2020 02:25:56 AM,AST,ORDER_CANCEL,LINKED_TRADE_CLOSED,,,,,,,,,,,,,,
538,04/10/2020 02:26:05 AM,AST,MARKET_ORDER,TRADE_CLOSE,NZD/CAD,,2000,Sell,,,,,,,,,,
539,04/10/2020 02:26:05 AM,AST,ORDER_FILL,MARKET_ORDER_TRADE_CLOSE,NZD/CAD,0.85123,2000,Sell,0.9000,,,,0.00000,0.0000,1,2.08000,,2150.75
540,04/10/2020 02:26:05 AM,AST,ORDER_CANCEL,LINKED_TRADE_CLOSED,,,,,,,,,,,,,,
541,04/10/2020 02:26:06 AM,AST,MARKET_ORDER,TRADE_CLOSE,NZD/CAD,,2000,Sell,,,,,,,,,,
542,04/10/2020 02:26:06 AM,AST,ORDER_FILL,MARKET_ORDER_TRADE_CLOSE,NZD/CAD,0.85123,2000,Sell,0.9000,,,,0.00000,0.0000,1,2.20000,,2152.95
543,04/10/2020 02:26:06 AM,AST,ORDER_CANCEL,LINKED_TRADE_CLOSED,,,,,,,,,,,,,,
544,04/10/2020 02:26:06 AM,AST,MARKET_ORDER,TRADE_CLOSE,NZD/CAD,,2000,Sell,,,,,,,,,,
545,04/10/2020 02:26:06 AM,AST,ORDER_FILL,MARKET_ORDER_TRADE_CLOSE,NZD/CAD,0.85120,2000,Sell,0.9500,,,,0.00000,0.0000,1,2.36000,,2155.31
546,04/10/2020 02:26:06 AM,AST,ORDER_CANCEL,LINKED_TRADE_CLOSED,,,,,,,,,,,,,,
547,04/10/2020 02:26:06 AM,AST,MARKET_ORDER,TRADE_CLOSE,NZD/CAD,,2000,Sell,,,,,,,,,,
548,04/10/2020 02:26:06 AM,AST,ORDER_FILL,MARKET_ORDER_TRADE_CLOSE,NZD/CAD,0.85115,2000,Sell,0.9500,,,,0.00000,0.0000,1,2.10000,,2157.41
549,04/10/2020 02:26:06 AM,AST,ORDER_CANCEL,LINKED_TRADE_CLOSED,,,,,,,,,,,,,,
550,04/10/2020 02:26:15 AM,AST,MARKET_ORDER,TRADE_CLOSE,NZD/CAD,,2000,Sell,,,,,,,,,,
551,04/10/2020 02:26:15 AM,AST,ORDER_FILL,MARKET_ORDER_TRADE_CLOSE,NZD/CAD,0.85120,2000,Sell,0.8500,,,,0.00000,0.0000,1,2.10000,,2159.51
552,04/10/2020 02:26:15 AM,AST,ORDER_CANCEL,LINKED_TRADE_CLOSED,,,,,,,,,,,,,,
553,04/10/2020 02:26:45 AM,AST,MARKET_ORDER,TRADE_CLOSE,NZD/CAD,,2000,Sell,,,,,,,,,,
554,04/10/2020 02:26:45 AM,AST,ORDER_FILL,MARKET_ORDER_TRADE_CLOSE,NZD/CAD,0.85126,2000,Sell,0.8800,,,,0.00000,0.0000,1,2.12000,,2161.63
555,04/10/2020 02:26:45 AM,AST,ORDER_CANCEL,LINKED_TRADE_CLOSED,,,,,,,,,,,,,,
556,04/10/2020 02:26:45 AM,AST,MARKET_ORDER,TRADE_CLOSE,NZD/CAD,,2000,Sell,,,,,,,,,,
557,04/10/2020 02:26:45 AM,AST,ORDER_FILL,MARKET_ORDER_TRADE_CLOSE,NZD/CAD,0.85126,2000,Sell,0.8800,,,,0.00000,0.0000,1,2.12000,,2163.75
558,04/10/2020 02:26:45 AM,AST,ORDER_CANCEL,LINKED_TRADE_CLOSED,,,,,,,,,,,,,,
559,04/10/2020 02:26:45 AM,AST,MARKET_ORDER,TRADE_CLOSE,NZD/CAD,,2000,Sell,,,,,,,,,,
560,04/10/2020 02:26:45 AM,AST,ORDER_FILL,MARKET_ORDER_TRADE_CLOSE,NZD/CAD,0.85126,2000,Sell,0.8800,,,,0.00000,0.0000,1,2.02000,,2165.77
561,04/10/2020 02:26:45 AM,AST,ORDER_CANCEL,LINKED_TRADE_CLOSED,,,,,,,,,,,,,,
562,04/10/2020 02:26:45 AM,AST,MARKET_ORDER,TRADE_CLOSE,NZD/CAD,,2000,Sell,,,,,,,,,,
563,04/10/2020 02:26:45 AM,AST,ORDER_FILL,MARKET_ORDER_TRADE_CLOSE,NZD/CAD,0.85126,2000,Sell,0.8800,,,,0.00000,0.0000,1,2.02000,,2167.79
564,04/10/2020 02:26:45 AM,AST,ORDER_CANCEL,LINKED_TRADE_CLOSED,,,,,,,,,,,,,,
565,04/10/2020 02:28:15 AM,AST,MARKET_ORDER,TRADE_CLOSE,NZD/CAD,,2000,Sell,,,,,,,,,,
566,04/10/2020 02:28:15 AM,AST,ORDER_FILL,MARKET_ORDER_TRADE_CLOSE,NZD/CAD,0.85136,2000,Sell,0.7400,,,,0.00000,0.0000,1,2.08000,,2169.87
567,04/10/2020 02:28:15 AM,AST,ORDER_CANCEL,LINKED_TRADE_CLOSED,,,,,,,,,,,,,,
568,04/10/2020 04:17:30 AM,AST,MARKET_ORDER,CLIENT_ORDER,NZD/CAD,,2000,Buy,,,,,,,,,,
569,04/10/2020 04:17:30 AM,AST,ORDER_FILL,MARKET_ORDER,NZD/CAD,0.84871,2000,Buy,1.1800,,,,0.00000,0.0000,,0.00000,,2169.87
570,04/10/2020 04:17:30 AM,AST,STOP_LOSS_ORDER,ON_FILL,,0.83717,,,,,,,,,,,,
571,04/10/2020 04:17:30 AM,AST,TRADE_CLIENT_EXTENSIONS_MODIFY,,,,,,,,,,,,,,,
572,04/10/2020 04:19:32 AM,AST,MARKET_ORDER,CLIENT_ORDER,NZD/CAD,,2000,Buy,,,,,,,,,,
573,04/10/2020 04:19:32 AM,AST,ORDER_FILL,MARKET_ORDER,NZD/CAD,0.84890,2000,Buy,1.2200,,,,0.00000,0.0000,,0.00000,,2169.87
574,04/10/2020 04:19:32 AM,AST,STOP_LOSS_ORDER,ON_FILL,,0.83736,,,,,,,,,,,,
575,04/10/2020 04:19:32 AM,AST,TRADE_CLIENT_EXTENSIONS_MODIFY,,,,,,,,,,,,,,,
576,04/10/2020 04:34:31 AM,AST,MARKET_ORDER,CLIENT_ORDER,NZD/CAD,,2000,Buy,,,,,,,,,,
577,04/10/2020 04:34:31 AM,AST,ORDER_FILL,MARKET_ORDER,NZD/CAD,0.84841,2000,Buy,1.0900,,,,0.00000,0.0000,,0.00000,,2169.87
578,04/10/2020 04:34:31 AM,AST,STOP_LOSS_ORDER,ON_FILL,,0.83687,,,,,,,,,,,,
579,04/10/2020 04:34:31 AM,AST,TRADE_CLIENT_EXTENSIONS_MODIFY,,,,,,,,,,,,,,,
580,04/10/2020 05:11:01 AM,AST,MARKET_ORDER,CLIENT_ORDER,NZD/CAD,,2000,Buy,,,,,,,,,,
581,04/10/2020 05:11:01 AM,AST,ORDER_FILL,MARKET_ORDER,NZD/CAD,0.84766,2000,Buy,0.6500,,,,0.00000,0.0000,,0.00000,,2169.87
582,04/10/2020 05:11:01 AM,AST,STOP_LOSS_ORDER,ON_FILL,,0.83630,,,,,,,,,,,,
583,04/10/2020 05:11:01 AM,AST,TRADE_CLIENT_EXTENSIONS_MODIFY,,,,,,,,,,,,,,,
584,04/10/2020 05:11:31 AM,AST,MARKET_ORDER,CLIENT_ORDER,NZD/CAD,,2000,Buy,,,,,,,,,,
585,04/10/2020 05:11:31 AM,AST,ORDER_FILL,MARKET_ORDER,NZD/CAD,0.84766,2000,Buy,0.6600,,,,0.00000,0.0000,,0.00000,,2169.87
586,04/10/2020 05:11:31 AM,AST,STOP_LOSS_ORDER,ON_FILL,,0.83630,,,,,,,,,,,,
587,04/10/2020 05:11:31 AM,AST,TRADE_CLIENT_EXTENSIONS_MODIFY,,,,,,,,,,,,,,,
588,04/10/2020 05:11:56 AM,AST,MARKET_ORDER,CLIENT_ORDER,NZD/CAD,,2000,Buy,,,,,,,,,,
589,04/10/2020 05:11:56 AM,AST,ORDER_FILL,MARKET_ORDER,NZD/CAD,0.84766,2000,Buy,0.6600,,,,0.00000,0.0000,,0.00000,,2169.87
590,04/10/2020 05:11:56 AM,AST,STOP_LOSS_ORDER,ON_FILL,,0.83630,,,,,,,,,,,,
591,04/10/2020 05:11:56 AM,AST,TRADE_CLIENT_EXTENSIONS_MODIFY,,,,,,,,,,,,,,,
592,04/10/2020 05:18:12 AM,AST,MARKET_ORDER,CLIENT_ORDER,NZD/CAD,,2000,Buy,,,,,,,,,,
593,04/10/2020 05:18:12 AM,AST,ORDER_FILL,MARKET_ORDER,NZD/CAD,0.84830,2000,Buy,0.9500,,,,0.00000,0.0000,,0.00000,,2169.87
594,04/10/2020 05:18:12 AM,AST,STOP_LOSS_ORDER,ON_FILL,,0.83694,,,,,,,,,,,,
595,04/10/2020 05:18:12 AM,AST,TRADE_CLIENT_EXTENSIONS_MODIFY,,,,,,,,,,,,,,,
596,04/10/2020 08:05:54 AM,AST,MARKET_ORDER,TRADE_CLOSE,NZD/CAD,,2000,Sell,,,,,,,,,,
597,04/10/2020 08:05:54 AM,AST,ORDER_FILL,MARKET_ORDER_TRADE_CLOSE,NZD/CAD,0.84868,2000,Sell,1.1900,,,,0.00000,0.0000,1,2.04000,,2171.91
598,04/10/2020 08:05:54 AM,AST,ORDER_CANCEL,LINKED_TRADE_CLOSED,,,,,,,,,,,,,,
599,04/10/2020 08:05:54 AM,AST,MARKET_ORDER,TRADE_CLOSE,NZD/CAD,,2000,Sell,,,,,,,,,,
600,04/10/2020 08:05:54 AM,AST,ORDER_FILL,MARKET_ORDER_TRADE_CLOSE,NZD/CAD,0.84868,2000,Sell,1.1900,,,,0.00000,0.0000,1,2.04000,,2173.95
601,04/10/2020 08:05:54 AM,AST,ORDER_CANCEL,LINKED_TRADE_CLOSED,,,,,,,,,,,,,,
602,04/10/2020 08:05:54 AM,AST,MARKET_ORDER,TRADE_CLOSE,NZD/CAD,,2000,Sell,,,,,,,,,,
603,04/10/2020 08:05:54 AM,AST,ORDER_FILL,MARKET_ORDER_TRADE_CLOSE,NZD/CAD,0.84868,2000,Sell,1.1900,,,,0.00000,0.0000,1,2.04000,,2175.99
604,04/10/2020 08:05:54 AM,AST,ORDER_CANCEL,LINKED_TRADE_CLOSED,,,,,,,,,,,,,,
605,04/10/2020 10:21:21 AM,AST,MARKET_ORDER,TRADE_CLOSE,NZD/CAD,,2000,Sell,,,,,,,,,,
606,04/10/2020 10:21:21 AM,AST,ORDER_FILL,MARKET_ORDER_TRADE_CLOSE,NZD/CAD,0.84931,2000,Sell,0.6400,,,,0.00000,0.0000,1,2.02000,,2178.01
607,04/10/2020 10:21:21 AM,AST,ORDER_CANCEL,LINKED_TRADE_CLOSED,,,,,,,,,,,,,,
608,04/10/2020 10:22:51 AM,AST,MARKET_ORDER,TRADE_CLOSE,NZD/CAD,,2000,Sell,,,,,,,,,,
609,04/10/2020 10:22:51 AM,AST,ORDER_FILL,MARKET_ORDER_TRADE_CLOSE,NZD/CAD,0.84955,2000,Sell,0.5700,,,,0.00000,0.0000,1,2.28000,,2180.29
610,04/10/2020 10:22:51 AM,AST,ORDER_CANCEL,LINKED_TRADE_CLOSED,,,,,,,,,,,,,,
611,04/10/2020 10:23:01 AM,AST,MARKET_ORDER,TRADE_CLOSE,NZD/CAD,,2000,Sell,,,,,,,,,,
612,04/10/2020 10:23:01 AM,AST,ORDER_FILL,MARKET_ORDER_TRADE_CLOSE,NZD/CAD,0.84974,2000,Sell,0.6000,,,,0.00000,0.0000,1,2.06000,,2182.35
613,04/10/2020 10:23:01 AM,AST,ORDER_CANCEL,LINKED_TRADE_CLOSED,,,,,,,,,,,,,,
614,04/10/2020 10:35:31 AM,AST,MARKET_ORDER,TRADE_CLOSE,NZD/CAD,,2000,Sell,,,,,,,,,,
615,04/10/2020 10:35:31 AM,AST,ORDER_FILL,MARKET_ORDER_TRADE_CLOSE,NZD/CAD,0.84999,2000,Sell,0.6100,,,,0.00000,0.0000,1,2.18000,,2184.53
616,04/10/2020 10:35:31 AM,AST,ORDER_CANCEL,LINKED_TRADE_CLOSED,,,,,,,,,,,,,,
617,04/10/2020 01:39:58 PM,AST,MARKET_ORDER,CLIENT_ORDER,NZD/CAD,,2000,Buy,,,,,,,,,,
618,04/10/2020 01:39:58 PM,AST,ORDER_FILL,MARKET_ORDER,NZD/CAD,0.84885,2000,Buy,1.6100,,,,0.00000,0.0000,,0.00000,,2184.53
619,04/10/2020 01:39:58 PM,AST,STOP_LOSS_ORDER,ON_FILL,,0.83739,,,,,,,,,,,,
620,04/10/2020 01:39:58 PM,AST,TRADE_CLIENT_EXTENSIONS_MODIFY,,,,,,,,,,,,,,,
621,04/10/2020 01:49:08 PM,AST,MARKET_ORDER,CLIENT_ORDER,NZD/CAD,,2000,Buy,,,,,,,,,,
622,04/10/2020 01:49:08 PM,AST,ORDER_FILL,MARKET_ORDER,NZD/CAD,0.84966,2000,Buy,1.2900,,,,0.00000,0.0000,,0.00000,,2184.53
623,04/10/2020 01:49:08 PM,AST,STOP_LOSS_ORDER,ON_FILL,,0.83820,,,,,,,,,,,,
624,04/10/2020 01:49:08 PM,AST,TRADE_CLIENT_EXTENSIONS_MODIFY,,,,,,,,,,,,,,,
625,04/10/2020 02:06:10 PM,AST,MARKET_ORDER,CLIENT_ORDER,NZD/CAD,,2000,Buy,,,,,,,,,,
626,04/10/2020 02:06:10 PM,AST,ORDER_FILL,MARKET_ORDER,NZD/CAD,0.84982,2000,Buy,2.0000,,,,0.00000,0.0000,,0.00000,,2184.53
627,04/10/2020 02:06:10 PM,AST,STOP_LOSS_ORDER,ON_FILL,,0.83864,,,,,,,,,,,,
628,04/10/2020 02:06:10 PM,AST,TRADE_CLIENT_EXTENSIONS_MODIFY,,,,,,,,,,,,,,,
629,04/10/2020 04:24:29 PM,AST,MARKET_ORDER,CLIENT_ORDER,NZD/CAD,,2000,Sell,,,,,,,,,,
630,04/10/2020 04:24:29 PM,AST,ORDER_FILL,MARKET_ORDER,NZD/CAD,0.84931,2000,Sell,2.0000,,,,0.00000,0.0000,,0.00000,,2184.53
631,04/10/2020 04:24:29 PM,AST,STOP_LOSS_ORDER,ON_FILL,,0.86078,,,,,,,,,,,,
632,04/10/2020 04:24:29 PM,AST,TRADE_CLIENT_EXTENSIONS_MODIFY,,,,,,,,,,,,,,,
633,04/10/2020 04:32:40 PM,AST,MARKET_ORDER,CLIENT_ORDER,NZD/CAD,,2000,Sell,,,,,,,,,,
634,04/10/2020 04:32:40 PM,AST,ORDER_FILL,MARKET_ORDER,NZD/CAD,0.84950,2000,Sell,2.0000,,,,0.00000,0.0000,,0.00000,,2184.53
635,04/10/2020 04:32:40 PM,AST,STOP_LOSS_ORDER,ON_FILL,,0.86097,,,,,,,,,,,,
636,04/10/2020 04:32:40 PM,AST,TRADE_CLIENT_EXTENSIONS_MODIFY,,,,,,,,,,,,,,,
637,04/10/2020 05:00:00 PM,AST,DAILY_FINANCING,,,,,,,,,,0.00000,,,,,2184.53
,04/10/2020 05:00:00 PM,AST,DAILY_FINANCING,TradeID: 451,NZD/CAD,,,,,,,,0.00000,,,,,
,04/10/2020 05:00:00 PM,AST,DAILY_FINANCING,TradeID: 458,NZD/CAD,,,,,,,,0.00000,,,,,
,04/10/2020 05:00:00 PM,AST,DAILY_FINANCING,TradeID: 477,NZD/CAD,,,,,,,,0.00000,,,,,
,04/10/2020 05:00:00 PM,AST,DAILY_FINANCING,TradeID: 501,NZD/CAD,,,,,,,,0.00000,,,,,
,04/10/2020 05:00:00 PM,AST,DAILY_FINANCING,TradeID: 618,NZD/CAD,,,,,,,,0.00000,,,,,
,04/10/2020 05:00:00 PM,AST,DAILY_FINANCING,TradeID: 622,NZD/CAD,,,,,,,,0.00000,,,,,
,04/10/2020 05:00:00 PM,AST,DAILY_FINANCING,TradeID: 626,NZD/CAD,,,,,,,,0.00000,,,,,
,04/10/2020 05:00:00 PM,AST,DAILY_FINANCING,TradeID: 630,NZD/CAD,,,,,,,,0.00000,,,,,
,04/10/2020 05:00:00 PM,AST,DAILY_FINANCING,TradeID: 634,NZD/CAD,,,,,,,,0.00000,,,,,
638,04/11/2020 05:00:00 PM,AST,DAILY_FINANCING,,,,,,,,,,0.00000,,,,,2184.53
,04/11/2020 05:00:00 PM,AST,DAILY_FINANCING,TradeID: 451,NZD/CAD,,,,,,,,0.00000,,,,,
,04/11/2020 05:00:00 PM,AST,DAILY_FINANCING,TradeID: 458,NZD/CAD,,,,,,,,0.00000,,,,,
,04/11/2020 05:00:00 PM,AST,DAILY_FINANCING,TradeID: 477,NZD/CAD,,,,,,,,0.00000,,,,,
,04/11/2020 05:00:00 PM,AST,DAILY_FINANCING,TradeID: 501,NZD/CAD,,,,,,,,0.00000,,,,,
,04/11/2020 05:00:00 PM,AST,DAILY_FINANCING,TradeID: 618,NZD/CAD,,,,,,,,0.00000,,,,,
,04/11/2020 05:00:00 PM,AST,DAILY_FINANCING,TradeID: 622,NZD/CAD,,,,,,,,0.00000,,,,,
,04/11/2020 05:00:00 PM,AST,DAILY_FINANCING,TradeID: 626,NZD/CAD,,,,,,,,0.00000,,,,,
,04/11/2020 05:00:00 PM,AST,DAILY_FINANCING,TradeID: 630,NZD/CAD,,,,,,,,0.00000,,,,,
,04/11/2020 05:00:00 PM,AST,DAILY_FINANCING,TradeID: 634,NZD/CAD,,,,,,,,0.00000,,,,,
639,04/12/2020 05:00:00 PM,AST,DAILY_FINANCING,,,,,,,,,,0.00000,,,,,2184.53
,04/12/2020 05:00:00 PM,AST,DAILY_FINANCING,TradeID: 451,NZD/CAD,,,,,,,,0.00000,,,,,
,04/12/2020 05:00:00 PM,AST,DAILY_FINANCING,TradeID: 458,NZD/CAD,,,,,,,,0.00000,,,,,
,04/12/2020 05:00:00 PM,AST,DAILY_FINANCING,TradeID: 477,NZD/CAD,,,,,,,,0.00000,,,,,
,04/12/2020 05:00:00 PM,AST,DAILY_FINANCING,TradeID: 501,NZD/CAD,,,,,,,,0.00000,,,,,
,04/12/2020 05:00:00 PM,AST,DAILY_FINANCING,TradeID: 618,NZD/CAD,,,,,,,,0.00000,,,,,
,04/12/2020 05:00:00 PM,AST,DAILY_FINANCING,TradeID: 622,NZD/CAD,,,,,,,,0.00000,,,,,
,04/12/2020 05:00:00 PM,AST,DAILY_FINANCING,TradeID: 626,NZD/CAD,,,,,,,,0.00000,,,,,
,04/12/2020 05:00:00 PM,AST,DAILY_FINANCING,TradeID: 630,NZD/CAD,,,,,,,,0.00000,,,,,
,04/12/2020 05:00:00 PM,AST,DAILY_FINANCING,TradeID: 634,NZD/CAD,,,,,,,,0.00000,,,,,
640,04/12/2020 08:59:07 PM,AST,MARKET_ORDER,TRADE_CLOSE,NZD/CAD,,2000,Buy,,,,,,,,,,
641,04/12/2020 08:59:07 PM,AST,ORDER_FILL,MARKET_ORDER_TRADE_CLOSE,NZD/CAD,0.84813,2000,Buy,0.4900,,,,0.00000,0.0000,1,2.74000,,2187.27
642,04/12/2020 08:59:07 PM,AST,ORDER_CANCEL,LINKED_TRADE_CLOSED,,,,,,,,,,,,,,
643,04/12/2020 08:59:07 PM,AST,MARKET_ORDER,TRADE_CLOSE,NZD/CAD,,2000,Buy,,,,,,,,,,
644,04/12/2020 08:59:07 PM,AST,ORDER_FILL,MARKET_ORDER_TRADE_CLOSE,NZD/CAD,0.84813,2000,Buy,0.4800,,,,0.00000,0.0000,1,2.36000,,2189.63
645,04/12/2020 08:59:07 PM,AST,ORDER_CANCEL,LINKED_TRADE_CLOSED,,,,,,,,,,,,,,
